,textID,text,selected_text,sentiment,Time of Tweet,Age of User,Country,Population -2020,Land Area (Km²),Density (P/Km²)
0,cb774db0d1," I`d have responded, if I were going","I`d have responded, if I were going",neutral,morning,0-20,Afghanistan,38928346,652860.0,60
1,549e992a42, Sooo SAD I will miss you here in San Diego!!!,Sooo SAD,negative,noon,21-30,Albania,2877797,27400.0,105
2,088c60f138,my boss is bullying me...,bullying me,negative,night,31-45,Algeria,43851044,2381740.0,18
3,9642c003ef, what interview! leave me alone,leave me alone,negative,morning,46-60,Andorra,77265,470.0,164
4,358bd9e861," Sons of ****, why couldn`t they put them on the releases we already bought","Sons of ****,",negative,noon,60-70,Angola,32866272,1246700.0,26
5,28b57f3990,http://www.dothebouncy.com/smf - some shameless plugging for the best Rangers forum on earth,http://www.dothebouncy.com/smf - some shameless plugging for the best Rangers forum on earth,neutral,night,70-100,Antigua and Barbuda,97929,440.0,223
6,6e0c6d75b1,2am feedings for the baby are fun when he is all smiles and coos,fun,positive,morning,0-20,Argentina,45195774,2736690.0,17
7,50e14c0bb8,Soooo high,Soooo high,neutral,noon,21-30,Armenia,2963243,28470.0,104
8,e050245fbd, Both of you,Both of you,neutral,night,31-45,Australia,25499884,7682300.0,3
9,fc2cbefa9d, Journey!? Wow... u just became cooler.  hehe... (is that possible!?),Wow... u just became cooler.,positive,morning,46-60,Austria,9006398,82400.0,109
10,2339a9b08b," as much as i love to be hopeful, i reckon the chances are minimal =P i`m never gonna get my cake and stuff","as much as i love to be hopeful, i reckon the chances are minimal =P i`m never gonna get my cake and stuff",neutral,noon,60-70,Azerbaijan,10139177,82658.0,123
11,16fab9f95b,I really really like the song Love Story by Taylor Swift,like,positive,night,70-100,Bahamas,393244,10010.0,39
12,74a76f6e0a,My Sharpie is running DANGERously low on ink,DANGERously,negative,morning,0-20,Bahrain,1701575,760.0,2239
13,04dd1d2e34,i want to go to music tonight but i lost my voice.,lost,negative,noon,21-30,Bangladesh,164689383,130170.0,1265
14,bbe3cbf620,test test from the LG enV2,test test from the LG enV2,neutral,night,31-45,Barbados,287375,430.0,668
15,8a939bfb59,"Uh oh, I am sunburned","Uh oh, I am sunburned",negative,morning,46-60,Belarus,9449323,202910.0,47
16,3440297f8b," S`ok, trying to plot alternatives as we speak *sigh*",*sigh*,negative,noon,60-70,Belgium,11589623,30280.0,383
17,919fa93391,"i`ve been sick for the past few days  and thus, my hair looks wierd.  if i didnt have a hat on it would look... http://tinyurl.com/mnf4kw",sick,negative,night,70-100,Belize,397628,22810.0,17
18,af3fed7fc3,is back home now      gonna miss every one,onna,negative,morning,0-20,Benin,12123200,112760.0,108
19,40e7becabf,Hes just not that into you,Hes just not that into you,neutral,noon,21-30,Bhutan,771608,38100.0,20
20,04d17ef61e," oh Marly, I`m so sorry!!  I hope you find her soon!! <3 <3","oh Marly, I`m so sorry!!  I hope you find her soon!! <3 <3",neutral,night,31-45,Bolivia,11673021,1083300.0,11
21,e48b0b8a23,Playing Ghost Online is really interesting. The new updates are Kirin pet and Metamorph for third job.  Can`t wait to have a dragon pet,interesting.,positive,morning,46-60,Bosnia and Herzegovina,3280819,51000.0,64
22,7de057cf40,is cleaning the house for her family who is comming later today..,is cleaning the house for her family who is comming later today..,neutral,noon,60-70,Botswana,2351627,566730.0,4
23,9ce5570064,gotta restart my computer .. I thought Win7 was supposed to put an end to the constant rebootiness,gotta restart my computer .. I thought Win7 was supposed to put an end to the constant rebootiness,neutral,night,70-100,Brazil,212559417,8358140.0,25
24,0c8cc71c46,SEe waT I Mean bOuT FoLL0w fRiiDaYs... It`S cALLed LoSe f0LloWeRs FridAy... smH,SEe waT I Mean bOuT FoLL0w fRiiDaYs... It`S cALLed LoSe f0LloWeRs FridAy... smH,neutral,morning,0-20,Brunei,437479,5270.0,83
25,e00c6ef376,"the free fillin` app on my ipod is fun, im addicted","the free fillin` app on my ipod is fun, im addicted",positive,noon,21-30,Bulgaria,6948445,108560.0,64
26,852edc3769,  I`m sorry.,I`m sorry.,negative,night,31-45,Burkina Faso,20903273,273600.0,76
27,bdc32ea43c,On the way to Malaysia...no internet access to Twit,.no internet,negative,morning,46-60,Burundi,11890784,25680.0,463
28,6ce4a4954b,juss came backk from Berkeleyy ; omg its madd fun out there  havent been out there in a minute . whassqoodd ?,fun,positive,noon,60-70,Côte d'Ivoire,26378274,318000.0,83
29,d22e6d40a7,Went to sleep and there is a power cut in Noida  Power back up not working too,Power back up not working too,negative,night,70-100,Cabo Verde,555987,4030.0,138
30,d33f811375,I`m going home now. Have you seen my new twitter design? Quite....heavenly isn`****?,Quite....heavenly,positive,morning,0-20,Cambodia,16718965,176520.0,95
31,7d8c4c11e4,i hope unni will make the audition . fighting dahye unni !,hope,positive,noon,21-30,Cameroon,26545863,472710.0,56
32,1c31703aef, If it is any consolation I got my BMI tested hahaha it says I am obesed  well so much for being unhappy for about 10 minutes.,well so much for being unhappy for about 10 minute,negative,night,31-45,Canada,37742154,9093510.0,4
33,2dc51711bc, That`s very funny.  Cute kids.,funny.,positive,morning,46-60,Central African Republic,4829767,622980.0,8
34,d21ab5855b," Ahhh, I slept through the game.  I`m gonna try my best to watch tomorrow though. I hope we play Army.","Ahhh, I slept through the game.  I`m gonna try my best to watch tomorrow though. I hope we play Army.",neutral,noon,60-70,Chad,16425864,1259200.0,13
35,4f5267ad70,"Thats it, its the end. Tears for Fears vs Eric Prydz, DJ Hero   http://bit.ly/2Hpbg4","Thats it, its the end. Tears for Fears",neutral,night,70-100,Chile,19116201,743532.0,26
36,2724775d6b,Born and raised in NYC and living in Texas for the past 10 years!  I still miss NY,miss,negative,morning,0-20,China,1439323776,9388211.0,153
37,1cbc812ece,"just in case you wonder, we are really busy today and this coming with with adding tons of new blogs and updates stay tuned","just in case you wonder, we are really busy today and this coming with with adding tons of new blogs and updates stay tuned",neutral,noon,21-30,Colombia,50882891,1109500.0,46
38,4b61dffbeb,i`m soooooo sleeeeepy!!! the last day o` school was today....sniffle....,soooooo sleeeeepy!!!,negative,night,31-45,Comoros,869601,1861.0,467
39,2863f435bd,"A little happy for the wine jeje ok it`sm my free time so who cares, jaja i love this day",A little happy fo,positive,morning,46-60,Congo (Congo-Brazzaville),5518087,342000.0,16
40,d93afa85cf," Car not happy, big big dent in boot! Hoping theyre not going to write it off, crossing fingers and waiting","Car not happy, big big dent in boot! Hoping theyre not going to write it off, crossing fingers and waiting",neutral,noon,60-70,Costa Rica,5094118,51060.0,100
41,fab6b7d16c,im an avid fan of **** magazine and i love your magazines,avid fan of,positive,night,70-100,Croatia,4105267,55960.0,73
42,2e7082d1c8,MAYDAY?!,MAYDAY?!,neutral,morning,0-20,Cuba,11326616,106440.0,106
43,684081e4e7,"RATT ROCKED NASHVILLE TONITE..ONE THING SUCKED, NO ENCORE!  LIKE IN THE 80`S THEY STILL HAVE A FUN SHOW. PEARCY HAS THAT HOTT BAD BOY LOOK","RATT ROCKED NASHVILLE TONITE..ONE THING SUCKED, NO ENCORE!  LIKE IN THE 80`S THEY STILL HAVE A FUN SHOW. PEARCY HAS THAT HOTT BAD BOY LOOK",neutral,noon,21-30,Cyprus,1207359,9240.0,131
44,c77717b103, I love to! But I`m only available from 5pm.  and where dear? Would love to help  convert her vids.Ã¯Â¿Â½,I love to!,positive,night,31-45,Czechia (Czech Republic),10708981,77240.0,139
45,a9d499e123,The girl in the hair salon asked me 'Shall I trim your eyebrows!' How old do I feel?,The girl in the hair salon asked me 'Shall I trim your eyebrows!' How old do I feel?,neutral,morning,46-60,Democratic Republic of the Congo,89561403,2267050.0,40
46,ddf296dffa,egh blah and boooooooooooo i dunno wanna go to work  HANGOVERS SUCKKKKKK Im a drunk mess!,SUCKKKKKK,negative,noon,60-70,Denmark,5792202,42430.0,137
47,c3924dc9e4,:visiting my friendster and facebook,:visiting my friendster and facebook,neutral,night,70-100,Djibouti,988000,23180.0,43
48,3d9d4b0b55,"i donbt like to peel prawns, i also dont like going shopping, running out of money and crawling round the car looking for more",dont like go,negative,morning,0-20,Dominica,71986,750.0,96
49,3fcea4debc, which case? I got a new one last week and I`m not thrilled at all with mine.,d I`m not thrilled at all with mine.,negative,noon,21-30,Dominican Republic,10847910,48300.0,225
