,text,predicted_labels,confidence_score
0," I`d have responded, if I were going",neutral,1.0
1, Sooo SAD I will miss you here in San Diego!!!,negative,1.0
2,my boss is bullying me...,negative,1.0
3, what interview! leave me alone,negative,1.0
4," Sons of ****, why couldn`t they put them on the releases we already bought",negative,1.0
5,http://www.dothebouncy.com/smf - some shameless plugging for the best Rangers forum on earth,positive,0.6666666666666666
6,2am feedings for the baby are fun when he is all smiles and coos,positive,1.0
7,Soooo high,positive,1.0
8, Both of you,neutral,1.0
9, Journey!? Wow... u just became cooler.  hehe... (is that possible!?),positive,1.0
10," as much as i love to be hopeful, i reckon the chances are minimal =P i`m never gonna get my cake and stuff",negative,1.0
11,I really really like the song Love Story by Taylor Swift,positive,1.0
12,My Sharpie is running DANGERously low on ink,negative,1.0
13,i want to go to music tonight but i lost my voice.,negative,1.0
14,test test from the LG enV2,neutral,1.0
15,"Uh oh, I am sunburned",negative,1.0
16," S`ok, trying to plot alternatives as we speak *sigh*",negative,0.6666666666666666
17,"i`ve been sick for the past few days  and thus, my hair looks wierd.  if i didnt have a hat on it would look... http://tinyurl.com/mnf4kw",negative,1.0
18,is back home now      gonna miss every one,positive,1.0
19,Hes just not that into you,negative,1.0
20," oh Marly, I`m so sorry!!  I hope you find her soon!! <3 <3",positive,1.0
21,Playing Ghost Online is really interesting. The new updates are Kirin pet and Metamorph for third job.  Can`t wait to have a dragon pet,positive,1.0
22,is cleaning the house for her family who is comming later today..,positive,0.3333333333333333
23,gotta restart my computer .. I thought Win7 was supposed to put an end to the constant rebootiness,negative,1.0
24,SEe waT I Mean bOuT FoLL0w fRiiDaYs... It`S cALLed LoSe f0LloWeRs FridAy... smH,negative,1.0
25,"the free fillin` app on my ipod is fun, im addicted",positive,1.0
26,  I`m sorry.,negative,1.0
27,On the way to Malaysia...no internet access to Twit,neutral,0.3333333333333333
28,juss came backk from Berkeleyy ; omg its madd fun out there  havent been out there in a minute . whassqoodd ?,positive,1.0
29,Went to sleep and there is a power cut in Noida  Power back up not working too,negative,1.0
30,I`m going home now. Have you seen my new twitter design? Quite....heavenly isn`****?,positive,1.0
31,i hope unni will make the audition . fighting dahye unni !,positive,1.0
32, If it is any consolation I got my BMI tested hahaha it says I am obesed  well so much for being unhappy for about 10 minutes.,negative,1.0
33, That`s very funny.  Cute kids.,positive,1.0
34," Ahhh, I slept through the game.  I`m gonna try my best to watch tomorrow though. I hope we play Army.",positive,0.6666666666666666
35,"Thats it, its the end. Tears for Fears vs Eric Prydz, DJ Hero   http://bit.ly/2Hpbg4",neutral,1.0
36,Born and raised in NYC and living in Texas for the past 10 years!  I still miss NY,negative,1.0
37,"just in case you wonder, we are really busy today and this coming with with adding tons of new blogs and updates stay tuned",positive,1.0
38,i`m soooooo sleeeeepy!!! the last day o` school was today....sniffle....,negative,1.0
39,"A little happy for the wine jeje ok it`sm my free time so who cares, jaja i love this day",positive,1.0
40," Car not happy, big big dent in boot! Hoping theyre not going to write it off, crossing fingers and waiting",negative,1.0
41,im an avid fan of **** magazine and i love your magazines,positive,1.0
42,MAYDAY?!,neutral,1.0
43,"RATT ROCKED NASHVILLE TONITE..ONE THING SUCKED, NO ENCORE!  LIKE IN THE 80`S THEY STILL HAVE A FUN SHOW. PEARCY HAS THAT HOTT BAD BOY LOOK",positive,1.0
44, I love to! But I`m only available from 5pm.  and where dear? Would love to help  convert her vids.ÃÂ¯ÃÂ¿ÃÂ½,positive,1.0
45,The girl in the hair salon asked me 'Shall I trim your eyebrows!' How old do I feel?,neutral,1.0
46,egh blah and boooooooooooo i dunno wanna go to work  HANGOVERS SUCKKKKKK Im a drunk mess!,negative,1.0
47,:visiting my friendster and facebook,neutral,1.0
48,"i donbt like to peel prawns, i also dont like going shopping, running out of money and crawling round the car looking for more",negative,1.0
49, which case? I got a new one last week and I`m not thrilled at all with mine.,negative,1.0
50, Then you should check out http://twittersucks.com and connect with other tweeple who hate twitter,negative,1.0
51," also bored at school, its my third freelesson( freistunde )",negative,0.6666666666666666
52, hm... Both of us I guess...,neutral,1.0
53, it is ****...u have dissappointed me that past few days,negative,1.0
54, romance zero is funny,positive,1.0
55, I`d rather do the early run..but I am a morning runner,positive,1.0
56,Bah a coworker ran into work late and her bag smacked into my knee  it really hurts now,negative,1.0
57,will be back later.  http://plurk.com/p/rp3k7,neutral,1.0
58,Aw. Torn ace of hearts  #Hunchback,neutral,1.0
59, what fun are you speaking of?,neutral,1.0
60,"i lost all my friends, i`m alone and sleepy..i wanna go home",negative,1.0
61, haha yes,positive,1.0
62,I give in to easily,negative,1.0
63,What better way to spoil mum than to let her kick back and relax over a nice meal and a bottle of her favorite wine? Our wine was a red,positive,1.0
64,mannnn..... _ got an iphone!!! im jealous....  http://bit.ly/NgnaR,negative,1.0
65,Is at a photoshoot.,neutral,1.0
66,  He`s awesome... Have you worked with him before? He`s a good friend.,positive,1.0
67,Yay playing a show tonight! Boo it`s gonna soggy and I`m at work right before playing,neutral,1.0
68,Chilliin,neutral,1.0
69," If you know such agent, do let me know",neutral,1.0
70,I still smell of smoke  #kitchenfire,negative,1.0
71, a celtics-lakers rematch sounds better don`t you think? lol,positive,1.0
72,"Anyone have an extra Keane ticket? I promise to buy you a drink and take rad pics for your FB / Blog / Flickr., etc",positive,1.0
73,"'you can ride one, you can catch one, but its not summer til you pop open one'  ?",positive,1.0
74, she is good! so gor-juz yea i kno i asked her yesterday when we were at tha hospital if she talked to u and she said no,positive,1.0
75,OK - I`m out of here for now. Just popped in to say Hi and check on things. I`ll probably head to the guttah later on tonight,neutral,1.0
76,"WOW, i AM REALLY MiSSiN THE FAM(iLY) TODAY. BADDD.",negative,1.0
77, My sources say no,neutral,1.0
78,I am sooo tired,negative,1.0
79," Hey, you change your twitter account, and you didn`t even tell me...",negative,1.0
80, THANK YYYYYYYYYOOOOOOOOOOUUUUU!,positive,1.0
81, lucky kid...i so wanna see loserville  pity im in oz....,negative,1.0
82,fell asleep waiting for my ride!,neutral,0.3333333333333333
83,Sick. With a flu like thing.,negative,1.0
84,"Still no reply from  about my SimFinger problem  So no iRape parody video until I get a response, sorry guys",negative,1.0
85,Happy Star Wars day everyone! and Enjoy the holiday (UK),positive,1.0
86, Miles from you   I`m in Essex so give me plenty of warning so I can arrive in time to get at least one of those free beers.,neutral,1.0
87,"His snoring is so annoying n it keeps me from sleeping (like right now, lol) but I honestly wud miss it if it eva left  I love him.",negative,1.0
88,i miss you bby      wish you were going tomorrow to make me do good.,positive,1.0
89, Well what im working on isn`t QUITE ready to post about publicly (still beta testing) but its a cool new script I coded,positive,1.0
90, SWEEEEET - San Fran is awesome!!!!  Love it there,positive,1.0
91,_Mounce yes and it lasts way past my bedtime!,positive,1.0
92, Hi  how are you doing ???  *just joined twitter...*,neutral,1.0
93,waiting for sleeping pills to kick in... gonna be so tired at work tomorrow,negative,1.0
94,eating ice cream and then getting ready for graduation.,positive,1.0
95,Happy Mothers day to all you Mums out there,positive,1.0
96," CASEY`S GONE?!?! BUT WHY?! So, she piddled a little on the carpet. She`s prolly freaked cause it`s new. Can we get her back?",negative,1.0
97, hemp cloth is marvelous but unfortunately no,negative,0.3333333333333333
98,Gonna read a story bout adam lambert online then bed. Nighty night,positive,1.0
99, We saw that in none 3D - the baddie`s the best,positive,1.0
100,4am. And Im on the beach. Pretty,positive,1.0
101," Certainly not Cheers than, huh?",negative,1.0
102,"1 week post my'horrible, traumatic jumping cholla accident.'-cholla`s next dirty trick:pieces are starting to emerge from my hand! Ouch!",negative,1.0
103,i realy wanted to go out cause its so nice but everybodys busy,negative,1.0
104, Awesome.  I`m down in Ocean Beach (if you know where that is.) By the way. 'YourBiggestFan' I`m a re-al big fan of you-rs.,positive,1.0
105,at least I get to watch over time  Let`s go Pens!!,positive,1.0
106, cool i wear black most of the time when i go out,positive,1.0
107, haha I do not know how to work blip apart from the obvious! thanks for reblipping my song  have a nice day ****,positive,1.0
108, have a safe trip joshy poo.......you`ll knock them dead at your speech,positive,1.0
109," woof, I wish I was allowed to go",negative,0.6666666666666666
110,if u have a friendster add me!!!!!!!!!        my email adress      add me  loco_crime_1st.com        add me leave some comment,neutral,1.0
111,  has tickets.......?,neutral,1.0
112,"Thank you, Afrin Nasal Spray! Also, I got a giant teacup tonight!",positive,1.0
113, ACSM. it`s unfathomable.  i think the other one .. and the .. is one that should be kept to the comfort of our bedrooms. yes?,neutral,0.6666666666666666
114,"Aww, I love my daddy! He works 7 days a week almost all day and still tries to go to SF with all of us",positive,1.0
115,So many tests todayyy  I don`t feel confident about anyy.,negative,1.0
116,graduation is done  im a little sad.. anyone want to hang out???,neutral,1.0
117, hahaa your awesomee !,positive,1.0
118,holy smokes! star trek was freaking awesomeeeee,positive,1.0
119,"I hate Fallout 3 it keeps making me jump, I`m also low on health, money, ammo and food  don`t worry I`ll get through it.",negative,1.0
120," I had it! On my itunes, but then I lost all my songs.",negative,1.0
121,What`s with the gloomy weather? The sun must be too tired to come out and play  heading to victoria gardens for some impulse buys haha,negative,1.0
122,"Not looking forward to next week: Maths, Geography, English and French exams, totalling 7 hours",negative,1.0
123," Poor you  Get outside and sleep in the garden, the sun will do you good. But don`t forget suncream!!!",positive,0.3333333333333333
124,not well,negative,1.0
125, Not a prob hun,positive,1.0
126,"at dads, watching some mtv and am going on sims2 in a minutee",neutral,1.0
127, Absolutely,positive,1.0
128, what`s the matter chickadee?,neutral,1.0
129, hey mia!  totally adore your music.  when will your cd be out?,positive,1.0
130,"Shopping. Cleaning. BMFing. Webcam chatting with nephews. Nothing spesh, but a good bank holiday Monday nonetheless",positive,1.0
131, =O you need to ask him something? Lmao I love him too,positive,1.0
132, those splinters look very painful...but you were being very heroic saving mr. Pickle,neutral,0.3333333333333333
133, why are you sad?,negative,1.0
134, Nice to see you tweeting!  It`s Sunday 10th May and we`re celebrating Mother`s Day here today. So be nice to yer Mom,positive,1.0
135,decided 2 trans frm relaxed 2 natural hair but i wish my whole head looked like my roots.  Age of the instant gratification....,negative,1.0
136, Namaskar & Namaste r both the same. Marathi people say Namaskar! its a marathi word.... should i ? ...naaaah !,neutral,1.0
137," Congrats!  I cuss like that in a matter of minutes, But didn`t know until now there is a reward for it.",positive,1.0
138,Humous and Dorito`s.... Oh yes,positive,1.0
139,"missed all the awesome weather, because she was in a movie!",negative,1.0
140,Today is going to be a normal day for I hope. We had a group of pilots from a large airline come in last night so it was too much drink,neutral,1.0
141,"These kids are terrible! If I was in Good Evans, I`d call Childline",negative,1.0
142,"Unfortunatley, AerLingus no longer fly to Copenhagen so we`re have to fly Ryanair to Billund and drive up to Copenhagen one of the days!",negative,1.0
143," What`s sad is that I actually had to google that term. That sucks, tho.",negative,1.0
144,Hate fighting,negative,1.0
145," I watched that too!!! I didnt want her to win, but she put up a good fight..lol",positive,1.0
146,Car-warmed Sprite tastes like sore throat,negative,1.0
147,Just came 11th in cross country and beat dumbo,positive,1.0
148,Candle wax is very enjoyable.,positive,1.0
149," She`s unassuming and unpretentious. She`s just, as. I suppose that`s why she`s so endearing--because we can relate to her",positive,1.0
150,tomorrow valeria`s lunch!!! going to get my hair done but im arraving late   got my cousins babtizm or whatever you spell it,neutral,1.0
151,goooooddd morning tweets!!  week three OF my workout. did i mention i got my new glasses yesterday?!?,positive,1.0
152, me too. I hate my computer so much..,negative,1.0
153, fine! Going to do my big walk today 20 or so miles,positive,1.0
154,I WANT RED CRUISERS!!  i don`t like the other ones. LMFAO!,positive,0.6666666666666666
155,Mmmmmmmm... ? it in the morning,neutral,1.0
156, me neither,neutral,0.3333333333333333
157,"Has about 10 hours work to do, on a Sunday. Boo. I will find time for a two hour lunchbreak though. Yeah",negative,1.0
158,Bugger. forgot I still have washing in my machine,negative,1.0
159,"_Laurie sending love, blessings & healing thoughts to you & family  peace",positive,1.0
160,My back hurts...really bad,negative,1.0
161," ah yes, I know that feeling",positive,0.6666666666666666
162,Night of the cookers with my dad,neutral,1.0
163,My modem has been offline for a week now... God bless the 3g network. Tim just left... Again!! May schedule has been brutal,negative,1.0
164, Nope I am in Coquitlam,neutral,1.0
165, Had parent teacher thing yesterday!! So boring going to skl on saturday!!  lol,negative,1.0
166,  #lichfield #tweetup sounds like fun  Hope to see you and everyone else there!,positive,1.0
167,Big booming thunder storm almost here.  Maybe we can all go home early???  Ah... probably not.,negative,1.0
168,Few Bevvies 2day in twn..great on a day off!!,positive,1.0
169,first night in myers. just not the same w/out lydia!  but i`m actually excited about this summer!,negative,1.0
170, good morning,positive,1.0
171, its the best show EVER!,positive,1.0
172,URL in previous post (to timer job) should be http://bit.ly/a4Fdb. I`d removed space which messed up URL.  ^ES,neutral,1.0
173,i think iv hurt my tooth  and eilish and cassie are having a drawing competiton to draw cookies and pineapples haha :L .,neutral,1.0
174, I want to know when the auditions are Mander! Text or...reply please!,neutral,1.0
175,or even NOOOOO NOT THE SECRET NAMEREBECCA PLEASE,negative,1.0
176, I miss my neice  can`t wait to see her bad n grown ****! Lol,positive,1.0
177,i need to get my computer fixed,neutral,1.0
178,really hopes her car`s illness is not terminal...,negative,1.0
179,"All the cool people I want to find for following today are #English, and I guess the English don`t tweet.",neutral,1.0
180, no sir...i woulda put honey...but i don`t have any,negative,0.3333333333333333
181,who watched X-men origins: wolverine? i totally loved it! haha,positive,1.0
182, I VOTED!!! do u have a personal myspace? i keep talking to fakes   i <3 you. u helped me thru the hrdest time of my life! (: x,positive,1.0
183, I`m sad that I missed you guys last night!,negative,1.0
184,Finally got a call for marriage counseling 3 days late....,neutral,0.3333333333333333
185, ok then,neutral,1.0
186,_420 why baby?,neutral,1.0
187,today was the last day of high school for me and i ended up going home sick! ... stupid dead rats,negative,1.0
188,We`re having an impromptu pool party... Except I don`t know how to swim so I can`t get in,neutral,0.3333333333333333
189,lost my tooth 2day whilst i was eating gum...oww,negative,1.0
190,happy 1 year! <3,positive,1.0
191,"Oh, I HELLA forgot to say my official good morning  Like to hear it? Here it go! Goooooooooooood Morrrrrrrrning Twitterville! Lol",positive,1.0
192, *phew*  Will make a note in case anyone else runs into the same issueÃÂ¯ÃÂ¿ÃÂ½,neutral,1.0
193,  WHAT ABOUT ME ??  I VOTE EVERY DAY FOR YOU !!!!!,positive,1.0
194,I`m starving!! This diet is killing me but I can`t eat after 8pm,negative,1.0
195, i talk to you,neutral,1.0
196,im soo bored...im deffo missing my music channels,negative,1.0
197, nite nite bday girl  have fun at concert,positive,1.0
198,"Had nicotine replacement patch on for 4 hours. So far, so good, but I did sleep for most of those 4 hours. Getting a bit twitchy now",negative,0.6666666666666666
199,_Sanderson What`s with Twatter lately?  Either I can`t get on or the replies don`t turn up!,negative,1.0
200,should be sleeping.  lost my voice a couple day ago.,negative,1.0
201,http://twitpic.com/66xlm -  hate when my PARKED car gets hit,negative,1.0
202, I`ve heard this fall. I`m waiting too!,positive,1.0
203, more nightmares?  *huggles*,negative,1.0
204,I AM SUCH A CREEPER  I feel disappointed because of it. **** my cyberstalking skills   the internet = no more privacy.,negative,1.0
205,going to bed its late and I have headache,negative,1.0
206,happy mother`s day to all moms out there...,positive,1.0
207,Grabbing coffee from  then making mom breakfast,neutral,0.6666666666666666
208,im thinking that im going to have fun tonight....and maybe some changes are coming,positive,1.0
209, thanks. before the major chop.,positive,1.0
210," Haha I know, I cant handle the fame!  and thank you!",positive,1.0
211,just got up and updated my ipod,positive,0.3333333333333333
212, yes! sober HAHAHA tanghaling tapat dude! haha WILD. i don`t knowwww  plan plan  before you go to US!,neutral,1.0
213, We never miss ICarly - my son has a huge crush on Miranda,positive,1.0
214,Saw James carville in the store today. His head is really that bald,negative,0.6666666666666666
215,yellow for   ? http://blip.fm/~5z05g,neutral,1.0
216, which means you`re just going to have to come back to vancouver and have it our way! hahah,positive,1.0
217,Feeling smooth like chrome,positive,1.0
218,Ew traffic,negative,1.0
219,"downloading songs while trying to sneak a lil homework in too, which should be my main priority not songs lol",negative,0.3333333333333333
220,@_Ra_Ra_ your not alone...i need coffee too.,negative,1.0
221, Sounds like me,positive,0.6666666666666666
222,Bad day  The day you realize what mess you`ve put me through will be one of the happiest days of my life...,negative,1.0
223,Walking to class. I hate not having a bike....especially mine.,negative,1.0
224,_nesmith,neutral,1.0
225,"failed inspection. Did you know you can pass wo/oven, but not wo/anti-tip bracket, which is only sold w/oven? This is worse than taxes.",negative,1.0
226,"JONAS BROTHERS - Live to party.                It`s rocking so hard     I love the song,",positive,1.0
227,happy mother`s day to all the mothers in the world.,positive,1.0
228,"35mins through the 1hr 20mins Google Wave demo, that looks a lot of fun, would love to test it though.  http://bit.ly/WnMSc",positive,1.0
229,Sleepy Tabz is heading to bed.  Fun night! Listened through the next episode of Joss`d!,positive,1.0
230,The exception for a short dude: Larenz fineass Tate yum,positive,1.0
231,"Screw the reviews, I thought Wolverine was awesome. But not enough Dominic Monaghan for my liking.",positive,1.0
232,"If you followed us recently, PLEASE dont be offended that we haven`t followed back. We hit our limit.   Hopefully we will be free soon.",neutral,1.0
233, Yes i work 6 to 3...,neutral,1.0
234," Hmmm, maybe that`s what they meant. They eluded to something brand new but you know how the media is",neutral,1.0
235,Done at the spa   now meeting vic for some late lunch!,positive,1.0
236,Happy monday  up and about going to tavares today. Hope everyone has a blessed day!,positive,1.0
237, Always have wanted to go to Oz,positive,1.0
238, Thx,positive,1.0
239, http://twitpic.com/4jaz5 - Cool... luv it,positive,1.0
240,  that`s why I need to be there...To represent the Blackberries,positive,1.0
241,Okay so I`m dedicating my 300th tweet to the fact that I`m going to the Apple store because there is a HUGE crack on the glass screen!,negative,1.0
242, If only we could ever actually be allowed to stay here and do that,positive,1.0
243, Let me know how that turns out!!,positive,1.0
244, was that sass I detect?  As long as it isn`t back sass! Haha,negative,1.0
245," yeah I was thinking about that ,ahaha",positive,1.0
246, Sports Bar Shatranjanpoli Rest Ph 26498457 All Sports Bar Andheri W 26733333 Dont know whether that helps. Google ki jai ho,neutral,1.0
247,I`m not sleeping at all until  accepts my appology,negative,1.0
248,"Wolverine Was BOSS! Seriously, And Will.I.Am Was In It, What The **** ??",positive,1.0
249," I live for pain, bring it on",negative,1.0
250,"okay, i`m out for a while  back later!",neutral,1.0
251,  #powerblog What is this powerblog challenge you keep talking about?  I`m a newbie follower,neutral,1.0
252,almost died. Laptop screen was set to 100% brightness after I reinstalled Windows Vista. Got a headache now  #insanedefaults,negative,1.0
253,Waiting for tish to get off. Got to drive my moms CRV to pick her up all my myself and duckie. First time,neutral,1.0
254,"Trying to decide on a movie with the friends.. not going to well! lol :p  No bible study 2nite, which means ****-day cake  buy my own??",negative,1.0
255,going to shower because i don`t want to smell at school tomorrow,negative,1.0
256, Sigh... you know I am...,neutral,0.6666666666666666
257,"discovered cause of a bug in the new #NetPLAYER 4 build. Publishing bug fix now, hopefully new beta by tomorrow",positive,1.0
258,Here are 4 FREE twitter tools will get you followers  http://short.to/511q http://jijr.com/hulz http://short.to/511r http://2ve.org/xPG0/,neutral,1.0
259,just got home from work.... and is chugging down a big bottle of apple juice.,positive,1.0
260, Yes it does. Please dont` go. If you die I will cry.. which normally leads to small animals getting harmed,negative,1.0
261,writing report cards  soooo tired but what an amazing day. check it out on fb soon!,positive,1.0
262, it was only once for my big brother...and I`m done now,neutral,1.0
263,good news: finally finished my #EASactive workout that has been paused for 6 hours. bad news: my resistance band is torn,positive,1.0
264,"Well good morning all, What a wonderful day in the neighborhood  Thanks for all those that are now following another 60 this morning",positive,1.0
265,FTSK and Mercy Mercedes were amazing tonight.. as always,positive,1.0
266,  hope he is ok!,positive,1.0
267,can`t school just be done already? it hurts too much... seeing him every day,negative,1.0
268,"I waited, listening to wind blowing through the tumbleweed? Are none of you old enough to know what to do when someone says 'Crackerack'?",neutral,1.0
269, Hell Yeah!,positive,1.0
270, HIM shirt at dinner? Do you need to ask??  Does it actually have Ville on it?,neutral,0.6666666666666666
271, i know!!,neutral,0.6666666666666666
272, huh what the ****? Smelly? Noooo. I love alex Vixon,negative,1.0
273,"Went to a party last night. Dindin and I showed up in matching outfits ) GREAT MINDS THINK ALIKE ) Anyway, happy birthday, ate lara",positive,1.0
274," Happy b-day! Just woke up on this side of Earth, so wishes are bit late",positive,1.0
275,"thank you for teaching me values and to be a better person each day  I LOVE SO MUCH, YOU`RE THE BEST MUM IN THE WORLD",positive,1.0
276,HAPPY MOTHERS DAY.!,positive,1.0
277," *laughs* I`m glad that you have self confidence - it`s a wonderful trait to have  I`ll applaud extra loud for it, okay?",positive,1.0
278,  Thanks,positive,1.0
279,twittering after 2 days!,positive,1.0
280,Getting ready for week  Its too nice today to be stuck inside working!,positive,1.0
281,I am tres depressed,negative,1.0
282,"Felt like ****, behaved like my son; ate to compensate. Pigged out on home-roasted sugar almonds. Painful tum, threw up, still feel sick.",negative,1.0
283,Happy Mothers Day people. i love my mom a lot still,positive,1.0
284, I`m sorry to hear that.,negative,1.0
285," That`s awesome dude, yay for surprise celebrities!  I got to meet him a few years ago, he was soooo friendly.",positive,1.0
286," it makes me happy to hear a girl talk, or tweet, about the nba. but... could you give my nuggets some love?!",positive,1.0
287,Is getting the hang of Twitter.,positive,1.0
288,You know your neck is jacked up when you are forced to pay for parking bc you can`t turn you head to parallel park in the free spaces...,negative,1.0
289,I want it BACK NOW!: http://bit.ly/PP1WZ,negative,1.0
290,Going to miss my roomie ... We will no longer be roomies starting tomorrow,negative,1.0
291,"bathing with two little angels, Keyla and Janice.",positive,1.0
292," Yep, finished, chocked full of spelling and grammatical errors, but I`m cleaning it up tomorrow and popping it up  hehe",negative,1.0
293, HAHAHHA lol true that! i always remember my BD but i can never remember what date or even day it is,positive,1.0
294,"Family is here,hanging with them",positive,1.0
295,Watching Ellen Love her!! then doing the dishes  and tanning ...it`s gorgeous out!,positive,1.0
296, what`s goin on hun?  I`m worried about you,neutral,0.6666666666666666
297, Im not bannished... but I am at work till 6,neutral,1.0
298," Morning! If I get to see it, I`ll let you know. Right now, I`m going to go see Wolverine.",neutral,1.0
299," red top tabloids, build em up, knock em down",neutral,0.3333333333333333
300,tonight in party w/ my girls (minus vita),positive,1.0
301,  why not now you made me sad I thought you`d be jumping for joy,negative,1.0
302, Simple my a#@,negative,1.0
303,"The pics I just uploaded are the baby pics of my cats. Missy is now an adult and a pretty little kitty, but Batty is in kitten heaven now",neutral,0.6666666666666666
304," I saw the play of it here, it was amazing",positive,1.0
305, _ i am glad to break my twitter virginity with you two.,positive,1.0
306,Dinner with the fam... I have missed them,positive,1.0
307,"_Live That`s what I want. More the better. Bound to be a few bad eggs though, but they will soon learn.",positive,1.0
308,Hell yeah Kellynn got a Twitter. Finally.,positive,1.0
309," I know   It was worth a shot, though!",positive,1.0
310,"Just opened a facebook account, I`m a little confused I don`t really get it. Twitter seems much better",negative,1.0
311,Ship. I`m stuck.,negative,1.0
312,DUSTBIN BABY ON AT 11.30 Cannot wait  x,neutral,1.0
313," Not going to dwell on it. It happened, it`s passed. Just a shame as he was so supportive! Such is life!  x",positive,1.0
314,,neutral,1.0
315,It looks like the office TV DOES get MLB Network... and it looks like MLBN will NOT be televising the DET/BAL game today  #wieters,neutral,1.0
316,Home empty handed.  No comics found today.  I shall now indulge in my cupcakes from Magnolia Bakery.,negative,0.3333333333333333
317,Laying in bed til workkk... Oh the life. Definitely pinched a nerve.,negative,1.0
318,today is a busy day. exhausting!,negative,1.0
319," I was going to go on Sunday, but now I`ve got too much going on that weekend",negative,1.0
320, Sorry to hear ur flight got cancelled  that blows!!!,negative,1.0
321,ohh my tooth is hurts ohh  im sad it very hurts,negative,1.0
322,"Before I get too distracted, I`d like to thank my new followers for taking the trouble to follow me! And to my others: feelin the love",positive,1.0
323, u think u have bills Ha!Ii just finished paying mine that`s y I`m broke,negative,1.0
324, Not sure it didn`t say it was 2 big. I jst saw the pics of u on ur last bday. You looked so pretty!! I miss you!!,positive,1.0
325,sore throat. Planning the TET outing to Marwell though...good times,neutral,1.0
326,mcfly gig last nightt omg it was amazin didnt sit down through the whole thing  mcfly did you see me and ma best mate we were in tutus,positive,1.0
327,2 days without sleep and now a migraine. I thought life postR01 was meant to be relaxing,negative,1.0
328, There!,neutral,1.0
329,?sucks!?..,negative,1.0
330, whens the sway sway winner announced?,neutral,1.0
331, K will check it out...,neutral,1.0
332," doing pretty well, up and wide awake",positive,1.0
333,"i want to wake up early, and get a coffee tomorrow (today) !  it`s going to be a busyy day! but have to keep writing.. booo whoo!",positive,1.0
334,I Miss Daddy and Mommy,positive,1.0
335,"My dog is officially depressed that my brother`s dogs are gone. He doesn`t want to go outside and when we did, he play half-heartedly.",negative,1.0
336,I just realized that I can`t forward text msgs with my iPhone.,negative,1.0
337,"My frist post... Off to find a new car for my parents, exciting!",positive,1.0
338,Argh noo! Missed The Killers on Wossy!  That sucks! Missed out on Brandon. Total failure! Anyone know if it`s repeated? Must investigate!,negative,1.0
339,seriously bored without anyone to talk to... but not tired enough for sleep,negative,1.0
340, I am lost. Please help me find a good home.,negative,1.0
341,"It`s a Peter & Gordon morning  -> And I, go to pieces and I wanna hide / Go to pieces and I almost die / Ever... ? http://blip.fm/~5yk38",neutral,1.0
342,Ok so I`ve now got a bit of a bad back after lifting all drum hardware into my car   downer.,negative,1.0
343, LMAO... Smh!  that one threw me off.,negative,0.6666666666666666
344, oh nice going!,positive,1.0
345,Is getting ready for work... Working all weekend,negative,0.6666666666666666
346,Gonna celebrate Mothers Day with the family but gonna start the partying tonite,positive,1.0
347, i agree with you!,positive,1.0
348, I only do computers. Am hopeless at everything else,negative,1.0
349,"90 degrees, gross skies, and thunderstorms...perfect match for my mood  lol",negative,0.6666666666666666
350,_2nd aww thanks!,positive,1.0
351, Sorry RB is on PS3 for me,neutral,1.0
352,I saw amazing heeels. But they were too big,negative,1.0
353,I just stuck my finger down my throat and there are a bunch of bumps on my tongue & throat.,negative,1.0
354,dang last url went down  ? http://blip.fm/~7aigm,neutral,1.0
355," ohoh i missed all ur tweets  im gonna have to stay awake all night to see the announcement now, **** time difference",negative,1.0
356, Damnit all. That sucks.  You were one of the ones I thought I`d drag back lol,negative,1.0
357, my boss. She`s moving to NYC,neutral,1.0
358,this is sooo crazy i have fever..,negative,1.0
359,is spending her Saturday morning taking notes for a research essay because some stupid **** recalled the book I`m using. Not fair,negative,1.0
360,I think i need some new friends,negative,1.0
361, Looking forward to your gig in Ireland!!!  See ya there!,positive,1.0
362,Please Review Sunehre Ad Placement  http://tinyurl.com/oow6mk,neutral,1.0
363,aww  you loooove me,positive,1.0
364,"is hungry, twitter.  i want food. </3",negative,1.0
365,awesome lucky you,positive,1.0
366," yea, i should know.. but tell me EVERYTHING!  ps: send me direct messages telling..   haha",neutral,0.6666666666666666
367," haha im jewish, i love that one",positive,1.0
368,"had a great time out in the beer garden wit the boyos !! I think the sun got to me a bit though, feel a bit ill !!",positive,1.0
369, l`m on 3 days too matt. No fun this weekend.,negative,1.0
370, u really don`t think so?  maybe ur right....lol. btw what phone u using? think u told me b4...i might have an app for u,neutral,1.0
371, I feel your pain. Mine is the same way,neutral,1.0
372,comes home in two days,neutral,1.0
373, Sadly no. It didn`t come with one...,negative,1.0
374,Cant wait to see my boy tomorrow,positive,1.0
375, ehhh no. just a check up. I have a dentist app next week though. getting my molar pulled/root canal.,negative,1.0
376, aww I miss driving down elmwood,positive,1.0
377,Omg Wango Tango was **** AWSOME! I love my baby for taking me,positive,1.0
378,"Version 2 of our live, interactive Trans-Siberian ticket planner is launched: http://tinyurl.com/c5ljwm - its very cool",positive,1.0
379,_30439 I really wish I could go!,positive,1.0
380," yeah real hard, but I know you`ll get by with it... smile",positive,1.0
381, I`m 25 in december that`s not good at all next big birthday is 30  after 21 it flys by for sure,negative,1.0
382,  This has made my night!!  Way too funny!!,positive,1.0
383,Woo CAVS.  Happy Mother`s Day!,positive,1.0
384, I make that same face when I get home and your mom is watching soaps.,neutral,0.3333333333333333
385,I have to go to work now.,neutral,1.0
386, I can`t believe you went and got boba without me.,negative,1.0
387,"  And to you too, how are you today?",neutral,1.0
388, Thanks for the warm welcome! We didn`t make plans   because our arrival time was so up in the air.,positive,1.0
389,19 days and counting,neutral,1.0
390, sorry  friends - I`m swamped with deadlines right now and we have family visiting to boot! No charades for me.,negative,1.0
391,BRAINFREEZE,neutral,1.0
392,Just discovered a shortcoming of Gravity. When you use Twitpic (integrated) it doesn`t subtract the pic URL from the 140 character limit,negative,1.0
393,"My sunburn is peeling,",neutral,0.6666666666666666
394,perky purple nail polish isn`t as perky when its chipped,negative,1.0
395,"http://twitpic.com/4sx96 - before they put a CAMERA in the smokers pit.  i can no longer vandalize that door, without being caught.",negative,1.0
396,Laying ALONE!! Since Mook`s soo comfy in his f`n play pen. I thought it was ill at first now I don`t have no one to cuddle with...,negative,1.0
397,I hate the dentist,negative,1.0
398," nothing aimed at you, just joining in...sorry",neutral,1.0
399,I`m taking a twitter break. Cell is dying,negative,1.0
400, qood morninq,positive,0.3333333333333333
401,writing my english original writing storyyyyy. and listening to `a little respect` by erasure  aaaaaah.,positive,1.0
402,needs more followers,neutral,0.6666666666666666
403,I wish I could get my nails done  stupid job,negative,1.0
404,The little wormy from labyrinth sadly passed away today but its ok as hes still around in a happy ghost form aww  http://twitpic.com/67aim,positive,0.6666666666666666
405, the 'no pants' idea could be the new attempt world-wide to attract business back to the airlines.,positive,1.0
406, Have a good one,positive,1.0
407," yep infact she is popular, miss india 99, talented film actress .... and lot more",positive,1.0
408,Dosen`t Want To Go To Work Tomorrow,negative,1.0
409,Daniel has won DSDS. His voice is great.,positive,1.0
410,[-O] i wish the birthday massacre would come to australia  i think they said they`re thinking about it tho.. http://tinyurl.com/p6lfch,positive,0.3333333333333333
411,was hoping to go to Red Lobster this weekend,neutral,1.0
412,_x_ATL u mean jack barakat`s?! wow so have u ever gone to his house? Hehe i mean ur ssoo lucky to have the address!,positive,1.0
413,I sure do hope it becomes 4:20 this afternoon ...,neutral,0.3333333333333333
414, it means that you are now FAMOUS. Congrats!,positive,1.0
415,My phone passed away yesterday.. He jumped off the table  Searching for a new phone...,negative,1.0
416,"I have such fantastic friends, including several ones met through here! thanks for being in my life - you are such amazing people!",positive,1.0
417,tamlyn wishes she was as cool as my sock draw,neutral,0.6666666666666666
418, so no rice or crusty bread with the chili .... aawww,negative,1.0
419,"  We are of like minds this evening , my dear!",positive,1.0
420,come and save me from my packing please?!,negative,1.0
421,"Yes, I love tea. If that makes me typically English then so be it",positive,1.0
422, a mouth for sure,neutral,1.0
423,_dec0de I finally just have 1 hour of history... at 3.00 pm! but I went to my highschool at 8.00 am to make some homework with a friend,positive,1.0
424, pancakes!! with lemon and sugar thanks!,positive,1.0
425," Si, no bueno  I guess I just don`t entertain him :/",negative,1.0
426,I`m so hunrgy right now and these heels kill me I can hardly walk in them,negative,1.0
427,both electronic keys stopped working. there is no keyhole! cant get in my car. so much for technology,negative,1.0
428," Yay, three followers! Good to know more than one person in this big wide world likes fishies.",positive,1.0
429,'my name is Tony!!!!!! ...not hey!!!!' -  poor tony,negative,1.0
430,Goodmorning,positive,1.0
431,Took a shift tomorrow.    I don`t really feel like working right now.,negative,1.0
432," I love mine, too . happy motherÃÂ¯ÃÂ¿ÃÂ½s day to your mom , John Taylor  . much love to you, too .",positive,1.0
433,Saw a black snake in the garden.  Went back for a picture and it was gone,neutral,1.0
434,http://twitpic.com/4wukt - We bought Ludi her own rug. Dogs are the best,positive,1.0
435,No waterfront anymore   faccia luna and clarendon will have to do,neutral,0.6666666666666666
436,loves her mum very much! Happy Mothers Day to all the wonderful mothers out there,positive,1.0
437,Slipped up and caught the flu  feeling like poop!,negative,1.0
438,"i have an urge to play wow but i have to wait 2 weeks til im at my dads! 5+47DAYS TIL MCFLY, im so excited  (L)",positive,1.0
439,Ok ... the passengers ... no one is alive ... they`re all dead ... you just don`t know it til the end ... then you cry ...,negative,1.0
440,Discovered  and  are sharing on G reader with me and didn`t even know it. Sigh.... I`m such a G reader newb.,negative,1.0
441,"is chilled out tonite, so cannot spew venom or write funny. Seems like these are the only 2 styles she has",negative,1.0
442," If u do, please pray 4 me.  Lord knows I need it.",neutral,1.0
443,aaaaaw i want to live in the USA,positive,1.0
444,Morning tweeple,neutral,1.0
445," Hey, I didn`t get any !!!",negative,1.0
446, Now you only have 2 hours to sleep...  - Rest if you need it.,negative,0.6666666666666666
447,"  That makes my day so much better, it`s been a rough one. Did I mention I love the new photo!",positive,1.0
448,I don`t want to sit at home on prom night. Someone hang out with me,neutral,0.6666666666666666
449,Is heading home from foot surgery and wishing she had a boyfriend to come over and cuddle with,positive,1.0
450,concert tonight  chackin out and not coming tomorrow!,neutral,0.6666666666666666
451, what happened? I thought you were coming back today....,negative,1.0
452, lol dammit  well then next time then,negative,1.0
453, lol. just don`t ever forget me,positive,0.6666666666666666
454, Still jealous,negative,1.0
455,http://twitpic.com/67qv3 - Me at Forever 21  Ethan couldn`t be there,neutral,1.0
456,NOW IM SAD BUT IM NOT GIVING IN FIRST..I DIDNT DO NOTHING!!!!    :**-(,negative,1.0
457,this week of mine was not easy!  but finally it`s over! (:,negative,1.0
458,   Wow what a beautiful picture... and by the way....I am straight....just wanted to let you know!!!     Bella,positive,1.0
459,In Arch. Drawing. Checking out MVCC`s CAD degree. Looks good to me,positive,1.0
460," 'there are people and then there are pencils' some are sharp, some are not and some can be sharpened  my pencil philosophy.....",neutral,1.0
461,"just about to go home. I`m usually `mr. positive` but this has been one of those daze. well, 15 mins until tomorrow!",neutral,0.3333333333333333
462, but you always have lee. Let`s go to Paris,positive,1.0
463, you know you want to come keep me company whilst mum`s at her friends for the night  it`s such a nice evening!,positive,1.0
464,cooking with my dad  having lots of fun in the kitchen together,positive,1.0
465,Bouncing Rush makes me feel nauseous,negative,1.0
466,Off to Woolsery this morning to (hopefully) see North Molton U16 clinch the North Devon League title. Lovely day for it,positive,1.0
467,playing singstar without my fave duetter,negative,1.0
468,"  you`re missing out, bb! i`m such a cereal nut, i think i like every kind available.",positive,1.0
469," That`s just weird... :\  Oh, and what was it you were drawing for me?",negative,1.0
470,Just woke up :o mums singing to her new gn`r cd replacement i bought because im a good daughter,positive,1.0
471,"The birds are out,, oh man... That`s NOT cool && I didn`t sleep yet for the night!!!",negative,1.0
472,"250 miles down, only 1750 to go. Thats ok, u2 on the radio alwas helps.",positive,1.0
473,"My Street Fighter IV skills are lacking, can`t beat Seth on easy.",negative,1.0
474, FIL 461 with cool people like me,positive,1.0
475,Good Morning!!! Work and then it`s ESPN`s Sunday night Baseball. hopefully it won`t get rained out,positive,1.0
476, i think it`s under a honeymoon by the good life -- either that or it`s under a honey moon by joseph arthur.,neutral,1.0
477,my son got stung by a bug for the first time  his little finger is slightly swollen.,negative,1.0
478, it was hours ago i came in.... and it`s only now i realised when i went to buy something online,negative,1.0
479, oh just referring to our lil exchange on LJ with regards to twitter archive postings.,neutral,1.0
480,Bumping dj opus in the drunk in the car.  lmao. Don`t act like u don`t know.,positive,1.0
481,Why kiss the feet of the people who kick you when you can be anything that you want to?  morning everyone! Hope you have the best day ever,positive,1.0
482,Here`s a brief preview: http://bit.ly/eHCfP   OMG James is creepy in that role! I`m scared of him,negative,1.0
483,I`m missing crab legs and attending my going away instead!,negative,1.0
484,Hicks are mean!,negative,1.0
485,"gettn ready to take a trip to Jersey my dad`s not doing so good, he needs a new heart~whoeva see`s this please say a prayer for my dad",negative,1.0
486,"back soon, need to run to the shops and cut the grass",neutral,1.0
487,I`m up. I have a plan to transform my bedroom today. Random.,positive,1.0
488,"Home until tomorrow. Did my running and spinning. Now time for chiropractor, laundry, shopping, and visiting family. Missing nathan",positive,0.6666666666666666
489, thats another sponsor,neutral,1.0
490," And most of us are going to be stuck in an office, some without windows",negative,1.0
491, No it`s not sad. Should make you proud,positive,1.0
492,"   Sorry, we`ll try to keep it down.",negative,1.0
493,is home alone.. Doing hw,neutral,1.0
494,"According to , a quarter of families under six live in poverty.",negative,0.3333333333333333
495,the plan to not spend money is not going well,negative,1.0
496,uploading all my bamboozle pictures of facebook,neutral,1.0
497, congratulations ! you guys finish a month early than we do. booo,positive,1.0
498," actually, I wish I was back in Tahoe.  I miss it there.",positive,1.0
499,"Woke Up,I Wanna Stay In My bed",neutral,1.0
500, but my bday is JUNE 19.. this is wack... and ihavent seen any promotions for my bday party  someone better finagle this asap!,negative,1.0
501," It would be great if those VIPS were for some acts I`d enjoy seeing, but noooo.",negative,1.0
502,_Marie Wish I could make it too!!! I hate my commute sometimes,negative,1.0
503,workin a long day today... hopefully i can make some good tips,positive,1.0
504, but it all went too quick and there wasn`t a chance lol,negative,1.0
505,Hates headaches! Maybe I`m not ready to rock,negative,1.0
506, Thanks for the support,positive,1.0
507,there`s really no android twitter app of Tweetie`s calibre,positive,1.0
508,"had a good day driving up mountains, visiting katie, eating chips & fudge and stocking up on lovely smelling soaps",positive,1.0
509,Nyappy mother`s day to your mom`s.,neutral,0.3333333333333333
510,yeah.... and im gonna take ur picture off my ipod baby..,negative,1.0
511, traumatizing moment of my childhood. my dogs massacred baby bunnies and my brother and i got out the bb gun...,negative,1.0
512, lol same here....wish there was a way to microsize everything...lol,positive,1.0
513," 'organization ...ITIL, forget about people (and so they fail)' preaching to the converted  IT is the people http://tr.im/kWUA",negative,1.0
514,"_Libertine um, glad you enjoyed it...",positive,1.0
515,About to have dinner and then an evening of playing cards. Already packed and ready to head home tomorrow   Do we have to go home?,positive,0.3333333333333333
516, im allergic to cats! my tonsils get swollen and they hurt  what do i dooo?!,negative,1.0
517, He says he feels mama tucking him in at night  He`s lonely but getting by. Tomorrow will be tough!,neutral,1.0
518,I miss her alot and its only been one day,negative,1.0
519, sounds like you all had a great night . i`m glad it was successful,positive,1.0
520, Thanks for sharing that,positive,1.0
521, you should say mlia instead of fml  i hope you find it soon,neutral,0.3333333333333333
522,"Garden going well, almost all the corn and peas are up, no onions or beets up yet though.",positive,1.0
523, nah jkin he`s hot! so... bored now,positive,1.0
524,Ahhh i`m sqeaky clean and fresh. Even though i`m wearing dirty clothes  I love Two and a Half Men - it`s amazing!,positive,1.0
525, yes i have read them many times.,positive,0.3333333333333333
526, Cuz you play a grown up on Twitter?,negative,0.3333333333333333
527,i am living in ignorance  :@,negative,1.0
528, nope... it is telling you that you want cameo creams,negative,1.0
529, AWWWW  we`re gonna miss you!,positive,1.0
530, WE Quite Like Worthing its a relaxing place with nice coffee shops and fresh air.. and not too many Oiks,positive,1.0
531,"_terrible haha, that was new  the fact that he couldn`t do it should have cost his part. What kind of Spock is that!",negative,1.0
532,today was a lovely day! I had fun with  and  this evening!,positive,1.0
533, Beto`s Pizzeria is on Banksville Rd in I believe the Beachview area... Sorry to answer like 100 years later,neutral,1.0
534,"sigh, my sisters bein strange.. she came all the way from copenhagen to london, and now her phones turned off.. i wanna see her dammit",negative,1.0
535, it was amazing,positive,1.0
536,@ Barbs trying to figure out y the dsl aint connecting. I need my google. Going home to my computer if it don`t start working soon. SMH,negative,1.0
537,I`m sick and sad .... missing out on Martini Lounge tonight,negative,1.0
538,Seems really quiet tonight...am jealous of those who are clearly having a more exciting life than me   Off to bed I think...,negative,1.0
539,Really wishes he had some spare cash to buy the new Punch Out for Wii,positive,1.0
540,"Aw, not going to Toronto anymore.",negative,1.0
541, So sorry to hear about your mom! that really sucks,negative,1.0
542, I feel for you  I hope it`s a smooth flight. Be safe! Mucho amor from Boston!,positive,1.0
543,Can`t sleep...so I`m watching HGTV. I`m afraid infomercials are about to take over,negative,1.0
544,I`m getting me & my family ready for Kaylee`s graduation! It`s gonna make me so sad.,negative,1.0
545, sweet dreams,positive,1.0
546, hay wats ur AIM? we should chat,neutral,1.0
547,. Okay kool... I might be touring all summer long but we can make it happen!,positive,1.0
548,IN PAIN. my big toe got stomped on during the hokey cokeu. it`s throbbing. anyone have any suggestions to heal it?,negative,1.0
549,"Time to watch OP, then some Dead Like Me, then sleep.",neutral,0.6666666666666666
550,Having dinner with my grandma since I couldn`t be with my mum.,positive,1.0
551, haha thanks  its for history and its on how the invention of television has influence america lol,positive,1.0
552, yea so wassup,neutral,1.0
553,"Stupid jobs, idk what to do.",negative,1.0
554,Shopped til i dropped....come bac sunshine i miss u,positive,1.0
555," Like your pics, Lucky Girl, again",positive,1.0
556, Thank you   I`ve had anxiety issues for years so I think if I can make it through the first couple of days then I will be fine.,positive,1.0
557,Around 3 hours left until a 3 day weekend and I have waaaay too much work to do.,negative,1.0
558,Feeling loved!  My Mom got me a Nikon Cool Pix for my birthday!!!!,positive,1.0
559," there were attempts to somehow extend inner classes, which would be close to #closure, can`t find the ref ATM",neutral,1.0
560, Yes! Join us! All we require is a cupcake donation...,positive,1.0
561,i have such a hard time talking to new people -  I am pretty sure I didn`t make a good impression.....,negative,1.0
562,_rc234 haha  yup. but still have a terrible headache and super swollen and puffy eyes! i dont think im going out today.ugh!,negative,1.0
563, Can`t access your site!,negative,1.0
564,And the Sun is shinning.........at last,positive,1.0
565,"We are on the slowest train ever, it stops everywhere. Missed a quick train by a few minutes",negative,1.0
566, nup no cd either.. just a whole bunch of zeros and ones you can have for free,neutral,0.6666666666666666
567,My graduation day... And i feel like a failure...,negative,1.0
568,ops   that lol wasnt supposed to got to twitter,negative,0.3333333333333333
569,"I don`t think I`ve ever been so tierd in my life.Ugh,goodnight.So sleeping in tomorrow",negative,1.0
570, What are u going to do today my girl?,neutral,1.0
571,why doesnt he want me anymore,negative,1.0
572,bad hair day,negative,1.0
573,.....headache,negative,1.0
574,sorry guys i didn`t sign in for a while  sorry every1,neutral,1.0
575," I am just `okay-okay` .. like the rest of the sane population in the world, I hate mondays",negative,1.0
576,mozart`s requiem!,positive,1.0
577," i think i am a bit, in love with his creations and wit but not that physically attracted to him although he has great style",neutral,1.0
578,_a_michael Hey! thanks for another great day! I`m going to sleep now! I`ll chat with you tomorrow!  Sweet dreams!,positive,1.0
579," I bet its cool down in SR, huh? It`s not here. I haven`t stopped sweating since noon when dad and I were packing",neutral,1.0
580," OHSHNAPSSS. is she pissed at blair as usual ? hahah. & yeeeah, i bake cookies",negative,1.0
581, no bueno.  hollykins needs to feel better asap.  p.s. i miss you.  you done with uni soon aren`t you?  SOPROUDOFYOU.,negative,1.0
582," http://twitpic.com/4v0vr - cool! you and your mother have awesome hair styles,! Wish her a happy mother`s day!",positive,1.0
583,happy mother`s day mothers.,positive,1.0
584,<---My expression watching this again: http://tinyurl.com/eqbwe,neutral,1.0
585,Stupid bipolar weather ruined my day off,negative,1.0
586, I didn`t want to tell you but I think it`s your body odour,negative,1.0
587, nice beta for easports still no news on the online for madden,neutral,0.3333333333333333
588, thats pretty bad quality and probably the worst pic u posted till date,negative,1.0
589,I missed your calls,negative,1.0
590, Unfortunately for us it looks like there are NO funny people on twitter  Should we move to FB or start our own...flitter,negative,1.0
591,just came back from karaoke & eating dinner with emily. it was sooooo much fun,positive,1.0
592, Discrimination is not a bad thing. I`ve learned to say no. My children would say I mastered that years ago,negative,1.0
593, sure i can talk....the fabulous **** part though is out  sorry dear,negative,1.0
594," did you see the 15 sec clip of the New Moon trailer?? its up on ETonline.com ...check it out. its a big tease, though",positive,1.0
595,Just got back from working out. I`m feeling pretty good. work at 4:30,positive,1.0
596,Ahhh My Satz blend didn`t save,negative,1.0
597," So!!! Why should that matter? I bet you would be GREAT at it! I do!!! It`s what you love, right? Why not go for it!",positive,1.0
598,DH is just about finished making his giant Trio candy bar. Thank the heavens. His work mates are in for a treat tomorrow!,positive,1.0
599,My ear are popping.,neutral,1.0
600,working on diffusing that irritation but this traffic sure isn`t helping  mother F! it`s always real bad the days th@ i help plan stuff,negative,1.0
601, I submitted my resume the same day and saw no answer back. Oh well...,negative,1.0
602,Catching up on 2 weeks of LOST and Grey`s!!    House is quiet again.,positive,1.0
603,I love when ryans a housewife. Makes me smile.,positive,1.0
604,Sooo.....I`m kinda o sick n tired of the bs that guys dish out  !!!!!!!!,negative,1.0
605, boo... i was hoping for a fake alien story with a tinfoil covered beachball photo,negative,1.0
606, hey Phillll! Wazzuppppp?!,neutral,1.0
607,missed out on westcott micro apollo too,negative,1.0
608, .. .great.. you can buy me lunch when i get my 10-15% pay cut next month..,negative,1.0
609,"finally gone to the beach, yeaaaah!",positive,1.0
610,_ranjan Did I ever mention what a nice and awesome dude you are?,positive,1.0
611,"last weekday of doing nothing, school starts next week!!!",positive,0.6666666666666666
612, Hello Gorgeous GIRL! Nice new pic!  HOw are you today,positive,1.0
613,Ok that **** duet was hysterical LOL,positive,1.0
614,"ok, i have to turn off all of my twitter device updates until i get a new battery. phone goes from fully charged to dead in about 5 hours",negative,1.0
615,michelle is a hot mama with chichis grande,positive,1.0
616," either way, you always tend to make my #followfriday list, sweetie - you do rock that much",positive,1.0
617, no one I know likes boiled peanuts t.,negative,1.0
618,"watched 100th episode of numb3rs. loved how they did a throwback to the first episode, using the sprinkler theory",positive,1.0
619,I`m sleepy but is feeling under the weather! ugh! These **** tonsils. I need some company or somebody to talk too!,negative,1.0
620, Please get a cell phone with a better camera on it... your pictures are real bad quality compared to those that Miley took,negative,1.0
621,"_Ichigo She tried to carry on aswell, bless, I suppose maybe that`s why kids shouldn`t be in it?",negative,0.6666666666666666
622,"booziest weekend in a long time, good fun though!",positive,1.0
623,Counting the hours of lost sunshine until the Weekend,neutral,0.6666666666666666
624,"planning! and trying to call the doctor, though that isn`t going so well. So mostly, planning",neutral,1.0
625, Hoooray!  I`m hooked already,positive,1.0
626, Ok then have a good day,positive,1.0
627, I agree. Everybody would`ve been excited and then it goes... ohhhh nooooo..... MS screws up again..,negative,1.0
628,Edge left me off the contributors list in this month`s issue.  x FFS. <- Werd,negative,1.0
629," ooo Growl and Yummy time coming soon for you too huh oh yeah, I have been hunting for a combo tshirt, think I can find one?  NO",positive,0.3333333333333333
630,im back to this z-index problem...again,negative,1.0
631,is anyone out there??  so bored at work...,negative,1.0
632,Am hating my life at the moment. There`s only so many NOs my delicate little mind can take,negative,1.0
633,www.myspace.com/fashionisthenextcity  check out and started new tee`s  limited edition in different ways !! check facebook group too,neutral,1.0
634, 'They' being the husband or the girl?,neutral,1.0
635,Thinking of what I should do in Vegas??? Any good ideas or places that are a most see!??,positive,1.0
636,first day of summer sucks!!!! its overcast and cold...  this isn`t summer!?!?!?!?,negative,1.0
637,   Hi to one kiwi artist from another kiwi artist,neutral,1.0
638,says Happy Mother`s Day to all Moms out there  http://plurk.com/p/stkr2,positive,1.0
639, oooo ok   why  havent you accepted my friends request,negative,0.6666666666666666
640,sorry to tweet about BGT but poor wonderful crazy weird Greg  so not fair. the silly little girl is never going to cope. urgh. NOT FAIR.,negative,1.0
641, no,neutral,1.0
642,_michele thanks for that...am now following them...love good causes,positive,1.0
643, Not available in my area  I would too,negative,0.6666666666666666
644,Its Friday! Only 5 more hours until I`m free!.....until tomorrow.  oh well,positive,1.0
645,meeting just in time that iÃÂ¯ÃÂ¿ÃÂ½m trying to win something  prize`s friday!,positive,1.0
646,Waiting for 5:00 & having cramps,negative,1.0
647,philosophy final today! thank you  it`s 3 days now!!!!,positive,1.0
648,"`s plans didn`t go as followed, but its ok",negative,1.0
649, _what_ did you do?  Let me guess... you skipped sports and bought a new pinkish outfit?,negative,1.0
650,where is the rain please come out,neutral,1.0
651, My pleasure,positive,1.0
652,1st presentation for senior boards? FML,negative,1.0
653," lol i know but it was just so funny, ahaha",positive,1.0
654,Wide awake and grouchy as ****.,negative,1.0
655,"just when i thought things couldn`t get any worse. it just did. and it will get even worse tonight, i bet.  my life is a misery.",negative,1.0
656, I don`t have the app that does it,negative,0.6666666666666666
657," lol hi emmy, latin would help me study for the aptitude tests to get into grad school ;\ thats why i wanna take it",neutral,0.6666666666666666
658,out for supper tonight with kurumi in 10 minutes,neutral,1.0
659,_kap But I think it`s cute.  Do this every night okay?,positive,1.0
660,Is happy...Skool just let out..! Today was my last day..! Yippee! R.I.P Jackson Tyler Morris..! Always Loved And Never Forgotten..!,positive,1.0
661,  hi mariah,neutral,1.0
662,_Yours13 I`m not at home with my cats right now!,neutral,0.6666666666666666
663, wheres the music mannnn!!?? my inbox is still empty,negative,1.0
664,What am I doing atm? http://twitpic.com/4jmeh Oh yeah. Apple Juice  I`m such a rebel!,positive,0.6666666666666666
665," ...i`m sorry about you are still sick  u know most of them, AND i know that u will guess the 'pelzer present' ;-)",neutral,1.0
666, nice one !,positive,1.0
667,Exam 1 today. Going to get my license renewed  The birthday is getting closer!,neutral,1.0
668,Gotta get creative with these mothers day gifts. I`m gonna win them over with my love!!,positive,1.0
669,Thinks its gonna rain,neutral,1.0
670," aah. well, have a few friends over there. Just wondering if all`s great and weather`s been good...",neutral,1.0
671,"Yrbook signing w/ evryone was fun, I`m gna miss evrything",positive,1.0
672,I lost my artistic abilities,negative,1.0
673,   so not close enough that I could run out and get one,negative,1.0
674,  That was stone cold   Crazy....  ?,negative,1.0
675,totally having austin powers withdrawl symptons and Darrius withdrawl symptoms and mommy and minne withdrawl syamptoms.,neutral,1.0
676,_xo they were so pretty and took like an hour to do  CAN I DO URSSSSS!,positive,1.0
677,Senior`s last day.,neutral,1.0
678,Crisis: forgot my fringe comb  I`m with men....no one will help me,negative,1.0
679, Already got my ticket; thanks for making sure though!,positive,1.0
680,Thanks to all my new followers!,positive,1.0
681,"  - we`re getting closer rather than further from REAL lobby dates - Chicago, BlogHer09 - squee!!!",positive,1.0
682,Has lost his vocie and Adele is laughing at me LOL and still wondering why I`m in college on me week off,negative,1.0
683,"_Kill_Boy oh sorry! not getting all my replies  nothing against you. and yes, i do know nirvana",neutral,1.0
684,"busy working on a new kit... and a couple interviews done...Yea! The weekend! Pray for my Uncle, still young and had a massive stroke!!",neutral,1.0
685,"Didn`t get bitten by a rabies infested person last night  yay for me! Gonna scare Rachel with Quarantine tonight, this shall be fun",positive,1.0
686,_ nooo  no roo crying. but omg i wanted to slap her. she was singing fine then from out of nowhere- BOOHOOOOOOOOOOO,negative,1.0
687,watching the simpsons,neutral,1.0
688,Good Morning! - Court - Crossfit - Bible Study - Someone very special`s house  http://tinyurl.com/cjs668,neutral,1.0
689, Have a great time in London,positive,1.0
690,"Has work very, very soon. Way too soon!",negative,1.0
691, phaket.  what did anneliese want to do?,neutral,1.0
692,In the emergency room with my cousin. She`s got mad flu and can`t walk or breathe.  Why are hospitals always so cold?,negative,1.0
693,  Thanks for the greeting,positive,1.0
694,I`m hungry  wife is at a Bodyshop Party and is bringing a takeaway home with her - how much longer will the party go on?,negative,0.3333333333333333
695, http://twitpic.com/4wb52 - Such a pretty baby!,positive,1.0
696, Invite them to your house instead,positive,1.0
697, I`m a bit Ben`s Thai-ed out,negative,1.0
698,  #stackeoverflow  http://bit.ly/13Nfk1,neutral,1.0
699,jungle book 2 is sooooo cute.. i have nothing to eat or drink,positive,1.0
700,Dead stopped in the express lane. This would happen when I choose to take it. No way out now. Ugh. Hopefully this gets moving,negative,1.0
701,_OKeefe Yay! You`re on Twitter! You`re my secret celeb crush!  (too much info??),positive,1.0
702," ah, ok  thank youuuuuu!",positive,1.0
703,"Twitter, you just fail at life sometimes.  Oh well. http://tinyurl.com/qkxh7q",negative,1.0
704,no phone call yet.. 20 minutes until I pluck up the courage. I WISH MY PHONE WOULD RING,negative,1.0
705, *points at the gear question I just posted* I cant get the rest of my Dreadweave set,negative,0.6666666666666666
706," You remind me so much of a Omaha Girl, that I use to date.  I guess it all in the Jeans, (Calvin Kleins is what she wore).",neutral,1.0
707, SherriEShepherd gave the link for  http://www.brentozar.com/twitter. He gives Twitter tips. Hope this helps,positive,0.6666666666666666
708, I loved him and he was in a mini,positive,1.0
709,  Yeah I`m okay been icing and ace bandage and sitting on my **** on twitter... LOL Thanks,positive,0.6666666666666666
710, you`re so gorgeous!!,positive,1.0
711,I guess the relaxing dinner and a movie is out for tonight...I was looking forward to that after my day at work,negative,1.0
712,My laptop grew speakers. Now I can watch Charlie with the sound on,positive,1.0
713, rofl uh huh,neutral,0.6666666666666666
714, This was funny! I have 7.,positive,1.0
715," well doesn`t that look fab, even if I do say so myself!",positive,1.0
716,deadlines!,negative,1.0
717,has a terrible headache.  I need relief!,negative,1.0
718,"Two months ago, I became irrelevant.",negative,1.0
719,Finally sunny days and I`m too sick to go outside and play.,negative,1.0
720, good luck!! How exciting,positive,1.0
721,Working up to my vacation to Thailand. Getting more excited every day,positive,1.0
722, we won`t be home till like next month,neutral,0.3333333333333333
723,"Finally a chance to show genuine love, not dependent selfish love, I hope I can do it. My heart goes out to you and I`m sorry 4 ur pain.",positive,1.0
724," I`m game, too bad your leaving HI!",positive,1.0
725,So screwed for sat 2 us,negative,1.0
726,Just got an IM from another co-worker who just got laid off. Lots of people becoming unemployed,negative,1.0
727, the exact one i was thinking of  the bestttt.,positive,1.0
728,easties you can go there anytime,neutral,1.0
729,"Why does #googledocs do folders, instead of labels like #gmail? I kind of like labels",negative,0.6666666666666666
730," lemme guess - you ran 5 miles at the gym, and are waking your kids up, and then going to the beach and / or recording studio?",neutral,1.0
731,i never knew a dentention was so hard 2 get,negative,1.0
732,pacquiao fight was fun at home wif fam and melissa sat.    today was a mission to ikea. srsly 4 different freeways to ge to burbank.,positive,1.0
733,my nail broke  I haaaaaaaaate,negative,1.0
734, Dang... that IS disappointing,negative,1.0
735, yep,positive,1.0
736, How much longer is the NKOTB Block Party? Love it! I need to go to bed so just wondering what time it`s over..LOL..thanks!,positive,1.0
737,  Thanks! My mom`s seed is larger and already cracked (and planted). I hope Avalina isn`t a dud!,positive,1.0
738,Anyone want to buy me this anthropomorphic planter? http://tinyurl.com/m6sru3 Only available till the 31st,neutral,1.0
739,"It`s a beautiful day outside today, shame I`m stuck in the office with the blinds shut to stop glare.",negative,1.0
740,Woke up and there was sun! And then it started to rain,neutral,1.0
741, and  the Creative VADO`s are out of stock at walmart.com (missed it)  but thanks for tweeting about it,neutral,1.0
742,hates this weather,negative,1.0
743,Cultural tour 102 by loiusa`s family: kangaroo sight-seeing in cemetary. Lovely,positive,1.0
744,Flap-a-taco was nice until the plebs came in.,negative,1.0
745,"Oh, and yippee for Lyn-Z Way who gets to celebrate Mother`s Day for the first time as a mother.",positive,1.0
746,"am chillaxin after a busy BankHoliday, Hope everbody had a gd wkend! Holiday in 12 days!!!  ****",positive,1.0
747,Havin a much better day today!! Finished the last Twilight book yesterday. Classes start next week!      Get at me yall!!,positive,1.0
748, NEW motorcycle and you POPPED a cable already? wow-you ride HARD!,negative,1.0
749,check out the flyer i designed for the notary and retrograde: http://rachellovespeace.blogspot.com let me know what you think,neutral,0.6666666666666666
750, Thanks! Welcome back!,positive,1.0
751, i want to experience snow  we don`t have snow here and it sucks,negative,1.0
752,i have such a sore head,negative,1.0
753,"at the office, trying to solve the mystery of whose blood is that in the  bathroom toilet.... eewwwww",negative,1.0
754,awwww..I love him! His car was soooo CUTE tonight!! I love me some Carl..My 10yr old is sad now..LOL..,positive,1.0
755, Bryan hasn`t replied about wingnuts,negative,1.0
756,Watching southpark for another 20 minutes,neutral,1.0
757, Thanks Amy!  That video is so awesome!  Did you see TMH?  He`s amazing in that too!! Bouncy Bouncy Bouncy!!!,positive,1.0
758, LMAO...Ha! No I just simply wanted to go to NY!,positive,1.0
759,"is bored, cant go on habbo stupid ban",negative,1.0
760,Tried on all the shoes in new look,neutral,1.0
761,its too early  i wanna go back to sleeep,negative,1.0
762," I don`t think I am, my sisters refusn to get me a ticket now.  what you doing next week?",negative,0.6666666666666666
763, oh wow...hope he`s ok  u take him 2 the vet?,neutral,1.0
764," He died.  Wait, what about Magic Jack? I just read it.",neutral,1.0
765,i`ve just woken up,neutral,1.0
766, hahaha oh man please come to pomona i would love to see you everyday instead of like once a year if that,positive,1.0
767,Jon made one of the greatest dinners ever: roast pork tenderloin on a bed of wild rice on a bed of mixed greens & yummy sauce. No wine,positive,1.0
768,nooooo its raining......had 2 leave the beach,negative,1.0
769,Shower. Class. More class. Taking care of my lady-friend. Writing like there`s no tomorrow.,positive,1.0
770,Rockstar photographer shoot went great tonight. A little different than the usual stuff - very nice.,positive,1.0
771, great pics! You should try to start selling your race photos to runners,positive,1.0
772,"Goodmorning twitter, oh my gosh, i woke up soooo nice, lol ... oh hai thar twitterverse. Happy #mothersday everybody  (especially mine)",positive,1.0
773,"_dulay i swear it took me 2 hours to get from bel air to alabang.  but yes, i LOVED reminiscing about our HK trip with you & ",neutral,0.6666666666666666
774,Hubby went to pick up  my Fringe comics today @ store by his work. THAT store was out of business too. No comix in Houston. Have 2 Web.,negative,1.0
775,The World is just amazing!,positive,1.0
776,i have no idea what im doing and i am completely lost.,negative,1.0
777,@ gadgetopia need to DM you but you`re not following me.   Will send email.,neutral,0.6666666666666666
778, awww hes too cute!!wish i could`ve gone,positive,1.0
779,got my cable set up! WIN!  got my lock put on my door! WIN! feeling a tad neglected... FAIL.,positive,1.0
780, I think that may look a little silly -.- Also my camera is broken so no photo,negative,1.0
781,just had a great talk with grace about how awesome God is and how he works...that somehow started with how remote controls work,positive,1.0
782,this day has beasted me.,negative,1.0
783, I`ll be listening!,positive,1.0
784, oh no....u don`t have to hit him up. He had a family emergency so there was a lil delay. Just can`t wait to see them,neutral,1.0
785,sitting at home doing nothing. gonna be like this all weekend,negative,1.0
786,OH NEVERMIND I THINK THIS THING IS UNSALVAGEABLE,negative,1.0
787, flew Brisbane - Lax today.  Great flight.  Love the lights.  Shame about one drink limit though!,positive,1.0
788,I think i should go to sleep considering i hav to b up on 3hrs....,negative,1.0
789,  If I told you how often I wash my hair you would never speak to me again,negative,1.0
790,I just spent 2 hours looking for a blog topic and ended up inventing my own.  grrrr    http://bit.ly/QRz6y,negative,1.0
791, seems to have disappeared out of my life,negative,1.0
792,"HAPPY MOTHER`S DAY to my Mom, and every Mom everywhere.  Off for a stroll at the Beaches later--hopefully...",positive,1.0
793, ohhh i wanna go  gahhh but i dunnooooooo :S me confuzzzledd should i or not???,neutral,1.0
794,_KittyKat hello new follower  haha!! how are ya?,positive,1.0
795, haha best thing about office birthdays hey,positive,1.0
796,"****, I never knew I could miss my phone so much for 4 hours till they told me I won`t have it back till then",negative,1.0
797,_Lay aww well I just randomly woke up and now I can`t sleep! Too many things on my mind,negative,1.0
798,That`s it? It`s done already? This is one proof that there`s nothing fair in this world.   http://bit.ly/10UEMq,negative,1.0
799,I am going to see how long I can do this for.,neutral,1.0
800,"You better come here by the time I count to 10 or else. 1, 2, 3,  BAM!!!!!",negative,1.0
801,PRD take a long time to review!,negative,1.0
802,"_3 U know - kids do what we DO - not what we SAY ... well, don`t we all, really  ....",negative,0.3333333333333333
803,Ugh! I wanna play dnd but i know i`m going to fail this final. I NEED to study,negative,1.0
804,"  Hi, Thx for following  I teach some Chinese lessons on youtube, pls feel free to have a look www.youtube.com/ChineseLearn",neutral,1.0
805, how sad! are you saying that I`m fat?  *tears*,negative,1.0
806, why thank you. I might just take you up on your offer,positive,1.0
807,I`m trying to find the driver for my Microsoft Lifecam VX-3000 Webcam and can`t find it anywhere! anyone have any links?,negative,1.0
808,Finally get to lay down for a bit i have a major headache,negative,1.0
809,"  Yes, you should go see Star Trek!  It`s sooooo much fun!",positive,1.0
810, Mitchel you have no idea how much I want to call you!! but it costs loads to call from england!!!,positive,1.0
811,"Stupid me, accidentally gave my honey the Atomic flavored buffalo wings and now his stomach feels just awful..... Im sorry baby",negative,1.0
812, very relaxing thank you. Hope you get to put your feet up tomorrow and enjoy the day,positive,1.0
813, yessir that is 100% right,positive,1.0
814, Night!,neutral,1.0
815,Writing my Music Lit final paper on Mozart`s Eine kleine nashtmusik. Mom is giving me a hand...and I`m actually having a GREAT time,positive,1.0
816,i got over the crush issue but now tomorrow my friend is going to india for the whole summer  im back to being sad.,negative,1.0
817,Too warm!!!,positive,1.0
818,Ada acara menarik lain: Keys to the VIP di channel V. Ttg straight yg dikasih tasks to approach strangers in the crowd.. Hmm,neutral,1.0
819,  well hit me and we can see...it depends then,neutral,1.0
820, aww thanx andy,positive,1.0
821,Some goodies bagged at the car boot including some very cute cross stitch birds for my craft room! The man selling was a sweetie,positive,1.0
822,has just finished ironing his clothes for #Church. Gonna walk the dog now then grab a shower/shave and be off  #jottonia looks good too,positive,1.0
823,shower time!!!!!,positive,1.0
824, COOOOOOOOOL... DOOOOOOOOOWN... Patience... Is... Virtue...,positive,1.0
825,"Gotta drop off some car parts for a buddy to press out, then to the dentist!    http://yfrog.com/0a7v3j",neutral,1.0
826, i cant call  im at work,neutral,1.0
827,Going to the courthouse to pay for tags & taxes on all our cars...this is gonna be expensive.,negative,1.0
828,So tired & ready for bed!! Really in the mood for salt & pepper chicken wings & noodles but have no money on me for a Chinese!,negative,1.0
829,The usual. Two family parties today. Happy Birthday Lily!  http://twitpic.com/4w472,positive,1.0
830, I am on here..finally. AND YAY. seriously. that made my day oh fellow hell ruler,positive,1.0
831,GOODNIGHT MAGIC AND PRETTY WORLD,positive,1.0
832,doesnt have a hangover  and is getting ready for a good ol` english fry up,positive,1.0
833,Waiting to put my story about Stereo Skyline up. Don`t know where to put it. BOOOO,negative,1.0
834,Working now,neutral,1.0
835,Just at Starbucks with Farrah!,positive,1.0
836,@ ginniejean there`s a lot of mojo all over the place...  yes.,positive,1.0
837,third date went well....moving on to fourth!!!!!!,positive,1.0
838,Mad tired. But it`s the hols! I miss chomp chomp terribly!,negative,1.0
839,is finally starting her assignments,positive,1.0
840,Good morning  ready to start this week.,positive,1.0
841," I`ve read good things bout it. Just not feelin it tonight. Proly finish it tomorrow, after Star Trek",neutral,1.0
842,So glad I`m finally done with finals!,positive,1.0
843,watching 'That Thing You Do' on Comcast. Missing my boo like crrrrrazy!,positive,1.0
844,It just had to rain on me almost a perfect day now my clothes are wet,negative,1.0
845,_1 yeah we only went for 5 days  im trying to get back in november with my mom for super soak stars weekend,positive,1.0
846, I miss u guys too  I prob won`t b bk til august sumtime... But if I come bk anytime b4 then ill 4 sure let u kno!,positive,1.0
847," Okay, make sure he`s alright kk? Cuidalo. Let him know he`s a got friend in us aha..",positive,1.0
848,It will if I do it in a round about way. I ahve to copy the public contacts into my personal contacts first.  no big deal,neutral,1.0
849,trying to figure it out,neutral,1.0
850, _bob7 I`ll update you. I had to leave him at the vet for tests and xrays.,neutral,1.0
851,Went to see hannah montana movie on saturday  loved it .... still cant work twitter out though,positive,1.0
852," lol, i`ve done that one b4  i`m a victim 2 that! lol",positive,0.6666666666666666
853,i would slip and fall... on the dirty school bathroom floor. fml.,negative,1.0
854,Just got confirmed that itÃÂ¯ÃÂ¿ÃÂ½s pizza-time with some ex co-workers on friday...looking forward to it,positive,1.0
855,well paisley has one of those cone things around her head...SO funny but I feel bad for her,neutral,1.0
856, ugggh idk how to do that  but i only wanna stop getting texts from twitterr  -ilsE*,negative,1.0
857,can`t wait to november for Jobros concert ! In examination,positive,1.0
858, been there done that. It always ended up with me selling the machine and going back to my mac,negative,1.0
859,"Just came back from watching Terminator Salvation @ Cathay. It`s so-so only, not so much action  but I feel sorry for Marcus though.",neutral,1.0
860,is sitting thru the boring bits in Titanic waiting for the good bit to start in couple of hours,neutral,0.6666666666666666
861,http://twitpic.com/4jken - fire and urban at rock challenge,neutral,1.0
862,I can`t believe I thought I had a morning shift today and told Alex that I could take him to the airport.  His flight is during my shift!,negative,1.0
863,"My poor heather, she didnt make the cheerleading squad. Im sorry babygirl. Maybe next year",negative,1.0
864, well now i do,positive,1.0
865,  250E!!! CRAZZYYYY ! But just this summer !!!  cuz Ci are very close to RD! :s,neutral,0.3333333333333333
866,i jus love doin night shifts...will be done in an hour,positive,1.0
867,"Morning tweeple,way to early again",negative,1.0
868,I have to reupload the **** thing again,negative,1.0
869," You know, your updates are really amusing.  How was the prop auction?How much did that baseship bed go for?",positive,1.0
870,Loves the fact that there`s only 5 days of school left,positive,1.0
871, Oh no!! I hope it`s not bad,negative,1.0
872, awesome..am headin there that nite after my grad dinner  c u then boi! hehe,positive,1.0
873,"_beery Yeah little rough this morning but more tonight, and tomorrow night if all goes as planned. Caloric intake off the charts",positive,0.3333333333333333
874," Aww, congrats to the family. ;) Send me piccies in the email!",positive,1.0
875,"Uber Bored ATM, after Out of the Blue, will have shower, then watch house or numb3rs (vid) then CSI + CSI NY + Bones Double . .. . YAY!",neutral,1.0
876,  i can`t.,negative,1.0
877,"strongly agrees with Jason about Wolverine, but not about Hugh Jackman.  Sorry. No kids for this Mouse.",negative,0.6666666666666666
878, you okay bby?,positive,1.0
879,okay okay sleep for realz now! Goodnight!  ::waves to followers::,positive,1.0
880,"Omg, my mom just called... Im too late... Hes gone",negative,1.0
881,Just lost my internet signal  how will life go on,negative,1.0
882, sorry we didn`t get a chance to chat at #screengrab09. Caught glimpse of you across room but was dragged home prematurely,neutral,1.0
883,"__buckley Good for you mate, sadly I couldnt get pissed tonight **** driving bad times",negative,1.0
884,i just bit my tongue.  blood everywhere!!!,negative,1.0
885,pulled up @ walmart aunt got out went in I fell asleep 2 hours later.... were r you?!  lol,neutral,1.0
886,Searching my home for a few things to cook them for dinner this evening. It`s mothers day so guess who im eating with,positive,1.0
887, very very cute  and fun to watch.,positive,1.0
888,Woke up at 7:50 then fell back to sleep. Woke up at 8:50 and back to sleep again. Woke up at 9:50 and I`m staying awake! MORNING!,positive,0.6666666666666666
889,"Great weekend, even though my site is not moved. Plenty other things to do and learn. Keeping the faith and looking to the future",positive,1.0
890, don`t know it really hurt my arm. guess you have to booze me.. or just ask  or  if you don`t believe me!,negative,1.0
891,Not going to the dance recital and now i feel like a piece of **** cuz it cost so much money,negative,1.0
892,"tiiiiiiired! Going to bed! Drinking leads to making out with boys, who you later forget their names.... Don`t drink kids. Goodnight",negative,1.0
893," Just been in that kind of mood, not reason at all. Lol, but I`ll try not to be too mushy around you!  I can behave!",neutral,1.0
894," thats what doting husbands are for LOL!!  I hope that once my braces go on, I can eat normally again",positive,1.0
895,; keeps getting such delayed responses. why is my internet so messed up?!,negative,1.0
896,and dont tell burnsy - but no comparison between the rocky mountains and mountains in enlgland,negative,1.0
897," I know, that is so sad.  I",negative,1.0
898,Good Morning Twits!  Let`s makes today x100 better than the one before! Start runnin,positive,1.0
899, I could get away with it. dare me? I`ll go buy it tomorrow,positive,1.0
900, Thanks man.  That sorted it. I only ever remember 222.222,positive,1.0
901,_Craig_G Hope your enjoying the money..it`s looking real good to me right now,positive,1.0
902,"This is my favourite shirt, because its true.  <3 grumpy.    a) cute  b) huggable  c) life of the party  (d)... http://tinyurl.com/q7eax7",positive,1.0
903,"Ok, back to packing. Have been sitting in car charging phone as charger was left @ home as well",neutral,1.0
904,"and thanks,  , fr. yr congratulatory gweetin`",positive,1.0
905," Every time I have Friday off. Sadly, that`s not too often",negative,1.0
906,Star trek was good times.,positive,1.0
907,The sun is not cool,negative,1.0
908,...  that was meeeaaannn. people make mistakes ok?! lol,negative,1.0
909,Invisible car helps to boost recycling. Honest   http://twurl.nl/fdgmyo,positive,1.0
910,"Baby baby, it`s gonna be all right when I`m by your side and the whole world turns against you... I ? it when my Ipod randoms BSB songs",positive,1.0
911,"HA. Totally posting an update at 2am.Its lightning outside, pretty.",positive,1.0
912, Do a tour in the Philippines sometime.  A lot of fans here would really love that!,positive,1.0
913,has broken off the fb wedding so sadly no longer has an excuse to get @ hauntingxealot to Goulburn,negative,0.6666666666666666
914, ...you are kickable.,negative,1.0
915,"_richie I also saw u on American Idol great performance, I see u will be at Windsor in June 20 Commodores won`t be there",positive,1.0
916, nice clutch,positive,1.0
917,Happy Mother`s Day to all the mommies,positive,1.0
918,Just finished watching 'Marley and Me',positive,1.0
919,Enjoying Mother`s Day,positive,1.0
920," Everyone seems to love it, but it felt kinda lazy and repetative to me.  I was really disappointed.",negative,1.0
921,Roll on Thursday,positive,1.0
922,"Dadgum, I think this nations shipping needs have shut down completely. still no freight for carriers out there.",negative,1.0
924,Wishing all the mommies out there a very happy day!!!,positive,1.0
925,"What did I learn today? Never post anything you`ve sold on ebay using royal mail. They lose it, I refund: compo`s nowhere near - my bad",negative,1.0
926,"_ Oh god, yeah! I forgot about that",positive,1.0
927,  as long as you have someone to make out with    lol,positive,1.0
928, ahaha its stuck in my head; thanxx,positive,1.0
929," You arent following me, so i cant send you a DM..",negative,1.0
930,I`m poorly and can`t sleep,negative,1.0
931,Happy Star Wars Day ...  'May the 4th be with you'.... read http://tinyurl.com/axsujx for more ;),positive,1.0
932, I picked up a taco over lunch... you got a guitar.,neutral,1.0
933,Buried under more web changes. Going to make lunch now... I won`t have a chance later. Too much to do.,negative,0.6666666666666666
934,'Up' is all sold out!!,positive,1.0
935,I hope everyone had a great weekend! I will be here on and off today as I have 2 important meetings today,positive,1.0
936,_gd whoaa kinda hard :O that one that you think will be interesting enough to tell,neutral,1.0
937, http://twitpic.com/4qpzx - i love you guys  you`re the best,positive,1.0
938,Listening 2 music @ home all alone lol  who wants 2 come over & hang with me LOL!!,positive,1.0
939, SHUT YOUR FACE! Why are you so mean to me? Pedro is supposed to be the mean one,negative,1.0
940," or so a month. I put my 2 week`s notice in a little over a week ago, my last day is this friday!",neutral,1.0
941,oh yea mspacers my boy just hooked up my page  it looks kewl at least i think so and it only took him 5 minutes www.myspace.com/missmickey,positive,1.0
942,"_babe woo! im getting mine on monday,cant wait  x",positive,1.0
943, awww she`s laavly ;) I had to come in  but I`ve got a stunning wee tan (l) ;) yourself?,positive,1.0
944, yes please  and if you`re gone i might actually get some work done lol,positive,1.0
945,"I`m really getting sick ugh **** nursing homes! Laying in bed, might go run later, watch some more movies with Austin. Sara & Sami left",negative,1.0
946," I saw you stalkerishly from the elevator, but Brookie was eating her moracca (?) So we had to go.",negative,1.0
947,???-?? ? youtube ? ????,neutral,1.0
948,calling mum too ask if she can by ice-cream,neutral,1.0
949,"_ having a very lazy day, playing xbox and drinking tea",positive,1.0
950, Well thatÃÂ¯ÃÂ¿ÃÂ½s disappointing to hear.,negative,1.0
951, well if i use all my tweets will be the push to make me go to the shop. and by the time im back it will be over hopefully,neutral,1.0
952,My mom just texted me and told me that Rodney was chasing fireflies in their backyard. Awwwww I`m miss him    http://twitpic.com/66pn1,positive,1.0
953,is getting ready for bed. Happy Mother`s Day to all the mothers out there!,positive,1.0
954, (blinks fast) its better now ... Lol thanks :-*,positive,1.0
955,My legs are killing me now.  but i know it`s a good pain all in all.,negative,1.0
956," (cont) a bastardized version of French? It`s fun, believe me!",negative,1.0
957," alas, I am moving   (like where i`m moving too, but the actual moving, ugh) wish I could go too!",negative,1.0
958,ready to go home,positive,1.0
959,need to push diet to last level. Not too good last week lost 1 lb. . Better than a gain,negative,1.0
960,today Jon Doe plays at the Moho. ia m excited  itÃÂ¯ÃÂ¿ÃÂ½s gonna be funny.. but before i have to carry all the equipment and do the backline,positive,1.0
961,My back is killing me...  It won`t keep me from dropping it low...hope I got someone to pick it back up tho... LOL,negative,1.0
962,facebook is being a ****,negative,1.0
963,mad the rain got me...now i cant go see jaiden   *|)|/-\|\|/-\*,negative,1.0
964,I am at my grandparents place,neutral,1.0
965,hi from chile!!! It`s 9 deg C  winter`s coming....cant wait for cali sun.,positive,1.0
966,i dont feel very good,negative,1.0
967, I was born there,neutral,1.0
968, congradts on ur show  Even tho i wasnt there lol,positive,1.0
969,damjust finished watching Prison Break: the final break...omg i dont think i`ve cried so hard for a show..Finally understand the finale,positive,1.0
970,"Visiting the grandparents in Manhattan, and dropping off my sister for the week! I wish I had an excuse to be so tired today..",positive,1.0
971,"so glad it is friday  two classes, then lazy afternoon. too bad it isnt nice and warm out today",positive,1.0
972, good luck.. Finally your long time will of panvel tweetup finally coming true..,positive,1.0
973,"Heading off to Hollywood Studios today  Manta and Kraken were both awesome yesterday, feeling like doing a few more rides!!",positive,1.0
974,This weekend is going to be packed full of work for school  No life this summer I`m afraid.,negative,1.0
975,Please read my blog http://amandallynn.blogspot.com/ I`m not having the best day,negative,1.0
976,_Aid16 Goodnight!,positive,1.0
977, Welcome,positive,1.0
978," Ha! Thanks Bryan! And don`t remind me about the state budget issues.  Actually, Steve only has 6 staffers in 3 offices.",positive,0.3333333333333333
979," Thanks, none close to me.",positive,1.0
980,"watered the tomato plants, pepper plants and lettuce, feeling all homely! off out with Freddie for a fun-packed day",positive,1.0
981, haha i will remember that  ****,positive,0.6666666666666666
982," will do  hee after exams, i`ll give u plenty of shows. HAHA hopeless me",negative,1.0
983, I sorry,neutral,1.0
984," Awww, it does remind me of getting ready for the ball.",positive,1.0
985," You did know, you just couldn`t remember!!",negative,1.0
986,_bishop  sez need to get u to look at my flights again  will email ur work tonite,neutral,1.0
987," if so, the TMobile G1 is the Hummer H1. I wish I had the battery life of an iPhone!",negative,1.0
988,nite nite twitts i wish u all a happy sunday i already have my major gift my my 2kids-my bro-n @_agressiva23 n 1 other gift on d way  tyg,positive,1.0
989,Omg. Its 1:47 am and Kim Possible is on Disney Channel right now. I am glued to the screen,positive,1.0
990, at first i thought bar life meant you were partying nonstop to catch up for the last 2 years...lol shoulda known better,negative,1.0
991,Work in that heat is horrible !,negative,1.0
992, someone came in when I was sleeping off my national passtime and turned me human,neutral,1.0
993, I see you didn`t shave your head. But I *LOVE* the cut.  I`m glad you didn`t shave it. Your hair`s too pretty!,positive,1.0
994,"_starr Yep, the Hawkesbury Classic starts at Windsor, home of said DJ",neutral,1.0
995," I am twittering, LIKE A BOSS. Thanks Savvv",positive,1.0
996, my sleep pattern is screwed i need to try and stay up 2 midnight so i can get some decent sleep coz i havent slept,negative,1.0
997, Since the demise of Woolworths it isn`t easy to find reasonably priced pick n mix anywhere,negative,1.0
998,may the fourth be with you! happy star wars day,positive,1.0
999," I`ve been unlocked for decades now...just not lucky, never have been.  Gottta make my own luck and that involves $$$$$",negative,1.0
