,text,predicted_labels,annotation_correct
0," I`d have responded, if I were going",neutral,1.0
1, Sooo SAD I will miss you here in San Diego!!!,negative,1.0
2,my boss is bullying me...,negative,1.0
3, what interview! leave me alone,negative,1.0
4," Sons of ****, why couldn`t they put them on the releases we already bought",negative,1.0
5,http://www.dothebouncy.com/smf - some shameless plugging for the best Rangers forum on earth,positive,0.0
6,2am feedings for the baby are fun when he is all smiles and coos,positive,1.0
7,Soooo high,positive,0.0
8, Both of you,neutral,1.0
9, Journey!? Wow... u just became cooler.  hehe... (is that possible!?),positive,1.0
10," as much as i love to be hopeful, i reckon the chances are minimal =P i`m never gonna get my cake and stuff",negative,0.0
11,I really really like the song Love Story by Taylor Swift,positive,1.0
12,My Sharpie is running DANGERously low on ink,negative,1.0
13,i want to go to music tonight but i lost my voice.,negative,1.0
14,test test from the LG enV2,neutral,1.0
15,"Uh oh, I am sunburned",negative,1.0
16," S`ok, trying to plot alternatives as we speak *sigh*",negative,1.0
17,"i`ve been sick for the past few days  and thus, my hair looks wierd.  if i didnt have a hat on it would look... http://tinyurl.com/mnf4kw",negative,1.0
18,is back home now      gonna miss every one,positive,0.0
19,Hes just not that into you,negative,0.0
20," oh Marly, I`m so sorry!!  I hope you find her soon!! <3 <3",positive,0.0
21,Playing Ghost Online is really interesting. The new updates are Kirin pet and Metamorph for third job.  Can`t wait to have a dragon pet,positive,1.0
22,is cleaning the house for her family who is comming later today..,neutral,1.0
23,gotta restart my computer .. I thought Win7 was supposed to put an end to the constant rebootiness,negative,0.0
24,SEe waT I Mean bOuT FoLL0w fRiiDaYs... It`S cALLed LoSe f0LloWeRs FridAy... smH,negative,0.0
25,"the free fillin` app on my ipod is fun, im addicted",positive,1.0
26,  I`m sorry.,negative,1.0
27,On the way to Malaysia...no internet access to Twit,negative,1.0
28,juss came backk from Berkeleyy ; omg its madd fun out there  havent been out there in a minute . whassqoodd ?,positive,1.0
29,Went to sleep and there is a power cut in Noida  Power back up not working too,negative,1.0
30,I`m going home now. Have you seen my new twitter design? Quite....heavenly isn`****?,positive,1.0
31,i hope unni will make the audition . fighting dahye unni !,positive,1.0
32, If it is any consolation I got my BMI tested hahaha it says I am obesed  well so much for being unhappy for about 10 minutes.,negative,1.0
33, That`s very funny.  Cute kids.,positive,1.0
34," Ahhh, I slept through the game.  I`m gonna try my best to watch tomorrow though. I hope we play Army.",neutral,1.0
35,"Thats it, its the end. Tears for Fears vs Eric Prydz, DJ Hero   http://bit.ly/2Hpbg4",neutral,1.0
36,Born and raised in NYC and living in Texas for the past 10 years!  I still miss NY,negative,1.0
37,"just in case you wonder, we are really busy today and this coming with with adding tons of new blogs and updates stay tuned",positive,0.0
38,i`m soooooo sleeeeepy!!! the last day o` school was today....sniffle....,negative,1.0
39,"A little happy for the wine jeje ok it`sm my free time so who cares, jaja i love this day",positive,1.0
40," Car not happy, big big dent in boot! Hoping theyre not going to write it off, crossing fingers and waiting",negative,0.0
41,im an avid fan of **** magazine and i love your magazines,positive,1.0
42,MAYDAY?!,neutral,1.0
43,"RATT ROCKED NASHVILLE TONITE..ONE THING SUCKED, NO ENCORE!  LIKE IN THE 80`S THEY STILL HAVE A FUN SHOW. PEARCY HAS THAT HOTT BAD BOY LOOK",positive,0.0
44, I love to! But I`m only available from 5pm.  and where dear? Would love to help  convert her vids.ÃÂ¯ÃÂ¿ÃÂ½,neutral,0.0
45,The girl in the hair salon asked me 'Shall I trim your eyebrows!' How old do I feel?,neutral,1.0
46,egh blah and boooooooooooo i dunno wanna go to work  HANGOVERS SUCKKKKKK Im a drunk mess!,negative,1.0
47,:visiting my friendster and facebook,neutral,1.0
48,"i donbt like to peel prawns, i also dont like going shopping, running out of money and crawling round the car looking for more",negative,1.0
49, which case? I got a new one last week and I`m not thrilled at all with mine.,negative,1.0
50, Then you should check out http://twittersucks.com and connect with other tweeple who hate twitter,negative,0.0
51," also bored at school, its my third freelesson( freistunde )",neutral,1.0
52, hm... Both of us I guess...,neutral,1.0
53, it is ****...u have dissappointed me that past few days,negative,1.0
54, romance zero is funny,neutral,0.0
55, I`d rather do the early run..but I am a morning runner,positive,0.0
56,Bah a coworker ran into work late and her bag smacked into my knee  it really hurts now,negative,1.0
57,will be back later.  http://plurk.com/p/rp3k7,neutral,1.0
58,Aw. Torn ace of hearts  #Hunchback,neutral,0.0
59, what fun are you speaking of?,neutral,1.0
60,"i lost all my friends, i`m alone and sleepy..i wanna go home",negative,1.0
61, haha yes,positive,0.0
62,I give in to easily,negative,1.0
63,What better way to spoil mum than to let her kick back and relax over a nice meal and a bottle of her favorite wine? Our wine was a red,positive,1.0
64,mannnn..... _ got an iphone!!! im jealous....  http://bit.ly/NgnaR,negative,1.0
65,Is at a photoshoot.,neutral,1.0
66,  He`s awesome... Have you worked with him before? He`s a good friend.,positive,1.0
67,Yay playing a show tonight! Boo it`s gonna soggy and I`m at work right before playing,negative,0.0
68,Chilliin,neutral,0.0
69," If you know such agent, do let me know",neutral,1.0
70,I still smell of smoke  #kitchenfire,negative,0.0
71, a celtics-lakers rematch sounds better don`t you think? lol,neutral,0.0
72,"Anyone have an extra Keane ticket? I promise to buy you a drink and take rad pics for your FB / Blog / Flickr., etc",positive,0.0
73,"'you can ride one, you can catch one, but its not summer til you pop open one'  ?",positive,0.0
74, she is good! so gor-juz yea i kno i asked her yesterday when we were at tha hospital if she talked to u and she said no,positive,0.0
75,OK - I`m out of here for now. Just popped in to say Hi and check on things. I`ll probably head to the guttah later on tonight,neutral,1.0
76,"WOW, i AM REALLY MiSSiN THE FAM(iLY) TODAY. BADDD.",negative,1.0
77, My sources say no,neutral,1.0
78,I am sooo tired,negative,1.0
79," Hey, you change your twitter account, and you didn`t even tell me...",negative,0.0
80, THANK YYYYYYYYYOOOOOOOOOOUUUUU!,positive,1.0
81, lucky kid...i so wanna see loserville  pity im in oz....,positive,1.0
82,fell asleep waiting for my ride!,negative,0.0
83,Sick. With a flu like thing.,negative,1.0
84,"Still no reply from  about my SimFinger problem  So no iRape parody video until I get a response, sorry guys",negative,1.0
85,Happy Star Wars day everyone! and Enjoy the holiday (UK),positive,1.0
86, Miles from you   I`m in Essex so give me plenty of warning so I can arrive in time to get at least one of those free beers.,neutral,1.0
87,"His snoring is so annoying n it keeps me from sleeping (like right now, lol) but I honestly wud miss it if it eva left  I love him.",negative,0.0
88,i miss you bby      wish you were going tomorrow to make me do good.,positive,0.0
89, Well what im working on isn`t QUITE ready to post about publicly (still beta testing) but its a cool new script I coded,positive,1.0
90, SWEEEEET - San Fran is awesome!!!!  Love it there,positive,1.0
91,_Mounce yes and it lasts way past my bedtime!,positive,0.0
92, Hi  how are you doing ???  *just joined twitter...*,neutral,1.0
93,waiting for sleeping pills to kick in... gonna be so tired at work tomorrow,negative,1.0
94,eating ice cream and then getting ready for graduation.,positive,0.0
95,Happy Mothers day to all you Mums out there,positive,1.0
96," CASEY`S GONE?!?! BUT WHY?! So, she piddled a little on the carpet. She`s prolly freaked cause it`s new. Can we get her back?",negative,1.0
97, hemp cloth is marvelous but unfortunately no,negative,1.0
98,Gonna read a story bout adam lambert online then bed. Nighty night,positive,0.0
99, We saw that in none 3D - the baddie`s the best,positive,1.0
100,4am. And Im on the beach. Pretty,positive,1.0
101," Certainly not Cheers than, huh?",neutral,1.0
102,"1 week post my'horrible, traumatic jumping cholla accident.'-cholla`s next dirty trick:pieces are starting to emerge from my hand! Ouch!",negative,1.0
103,i realy wanted to go out cause its so nice but everybodys busy,negative,1.0
104, Awesome.  I`m down in Ocean Beach (if you know where that is.) By the way. 'YourBiggestFan' I`m a re-al big fan of you-rs.,positive,1.0
105,at least I get to watch over time  Let`s go Pens!!,positive,0.0
106, cool i wear black most of the time when i go out,positive,0.0
107, haha I do not know how to work blip apart from the obvious! thanks for reblipping my song  have a nice day ****,positive,1.0
108, have a safe trip joshy poo.......you`ll knock them dead at your speech,positive,1.0
109," woof, I wish I was allowed to go",negative,0.0
110,if u have a friendster add me!!!!!!!!!        my email adress      add me  loco_crime_1st.com        add me leave some comment,neutral,1.0
111,  has tickets.......?,neutral,1.0
112,"Thank you, Afrin Nasal Spray! Also, I got a giant teacup tonight!",positive,1.0
113, ACSM. it`s unfathomable.  i think the other one .. and the .. is one that should be kept to the comfort of our bedrooms. yes?,negative,0.0
114,"Aww, I love my daddy! He works 7 days a week almost all day and still tries to go to SF with all of us",positive,1.0
115,So many tests todayyy  I don`t feel confident about anyy.,negative,1.0
116,graduation is done  im a little sad.. anyone want to hang out???,negative,1.0
117, hahaa your awesomee !,positive,1.0
118,holy smokes! star trek was freaking awesomeeeee,positive,1.0
119,"I hate Fallout 3 it keeps making me jump, I`m also low on health, money, ammo and food  don`t worry I`ll get through it.",negative,0.0
120," I had it! On my itunes, but then I lost all my songs.",negative,0.0
121,What`s with the gloomy weather? The sun must be too tired to come out and play  heading to victoria gardens for some impulse buys haha,positive,0.0
122,"Not looking forward to next week: Maths, Geography, English and French exams, totalling 7 hours",negative,1.0
123," Poor you  Get outside and sleep in the garden, the sun will do you good. But don`t forget suncream!!!",negative,1.0
124,not well,negative,1.0
125, Not a prob hun,neutral,0.0
126,"at dads, watching some mtv and am going on sims2 in a minutee",neutral,1.0
127, Absolutely,positive,0.0
128, what`s the matter chickadee?,neutral,1.0
129, hey mia!  totally adore your music.  when will your cd be out?,positive,1.0
130,"Shopping. Cleaning. BMFing. Webcam chatting with nephews. Nothing spesh, but a good bank holiday Monday nonetheless",positive,1.0
131, =O you need to ask him something? Lmao I love him too,positive,1.0
132, those splinters look very painful...but you were being very heroic saving mr. Pickle,negative,1.0
133, why are you sad?,negative,1.0
134, Nice to see you tweeting!  It`s Sunday 10th May and we`re celebrating Mother`s Day here today. So be nice to yer Mom,positive,1.0
135,decided 2 trans frm relaxed 2 natural hair but i wish my whole head looked like my roots.  Age of the instant gratification....,negative,0.0
136, Namaskar & Namaste r both the same. Marathi people say Namaskar! its a marathi word.... should i ? ...naaaah !,neutral,1.0
137," Congrats!  I cuss like that in a matter of minutes, But didn`t know until now there is a reward for it.",positive,0.0
138,Humous and Dorito`s.... Oh yes,positive,0.0
139,"missed all the awesome weather, because she was in a movie!",negative,1.0
140,Today is going to be a normal day for I hope. We had a group of pilots from a large airline come in last night so it was too much drink,negative,0.0
141,"These kids are terrible! If I was in Good Evans, I`d call Childline",negative,1.0
142,"Unfortunatley, AerLingus no longer fly to Copenhagen so we`re have to fly Ryanair to Billund and drive up to Copenhagen one of the days!",negative,1.0
143," What`s sad is that I actually had to google that term. That sucks, tho.",negative,1.0
144,Hate fighting,negative,1.0
145," I watched that too!!! I didnt want her to win, but she put up a good fight..lol",positive,0.0
146,Car-warmed Sprite tastes like sore throat,negative,1.0
147,Just came 11th in cross country and beat dumbo,negative,0.0
148,Candle wax is very enjoyable.,positive,1.0
149," She`s unassuming and unpretentious. She`s just, as. I suppose that`s why she`s so endearing--because we can relate to her",positive,1.0
150,tomorrow valeria`s lunch!!! going to get my hair done but im arraving late   got my cousins babtizm or whatever you spell it,neutral,1.0
151,goooooddd morning tweets!!  week three OF my workout. did i mention i got my new glasses yesterday?!?,positive,1.0
152, me too. I hate my computer so much..,negative,1.0
153, fine! Going to do my big walk today 20 or so miles,positive,1.0
154,I WANT RED CRUISERS!!  i don`t like the other ones. LMFAO!,negative,1.0
155,Mmmmmmmm... ? it in the morning,neutral,1.0
156, me neither,neutral,1.0
157,"Has about 10 hours work to do, on a Sunday. Boo. I will find time for a two hour lunchbreak though. Yeah",negative,0.0
158,Bugger. forgot I still have washing in my machine,negative,1.0
159,"_Laurie sending love, blessings & healing thoughts to you & family  peace",positive,1.0
160,My back hurts...really bad,negative,1.0
161," ah yes, I know that feeling",neutral,1.0
162,Night of the cookers with my dad,neutral,1.0
163,My modem has been offline for a week now... God bless the 3g network. Tim just left... Again!! May schedule has been brutal,negative,1.0
164, Nope I am in Coquitlam,neutral,1.0
165, Had parent teacher thing yesterday!! So boring going to skl on saturday!!  lol,negative,1.0
166,  #lichfield #tweetup sounds like fun  Hope to see you and everyone else there!,positive,1.0
167,Big booming thunder storm almost here.  Maybe we can all go home early???  Ah... probably not.,negative,0.0
168,Few Bevvies 2day in twn..great on a day off!!,positive,1.0
169,first night in myers. just not the same w/out lydia!  but i`m actually excited about this summer!,negative,0.0
170, good morning,positive,1.0
171, its the best show EVER!,positive,1.0
172,URL in previous post (to timer job) should be http://bit.ly/a4Fdb. I`d removed space which messed up URL.  ^ES,neutral,0.0
173,i think iv hurt my tooth  and eilish and cassie are having a drawing competiton to draw cookies and pineapples haha :L .,neutral,1.0
174, I want to know when the auditions are Mander! Text or...reply please!,positive,0.0
175,or even NOOOOO NOT THE SECRET NAMEREBECCA PLEASE,negative,1.0
176, I miss my neice  can`t wait to see her bad n grown ****! Lol,negative,1.0
177,i need to get my computer fixed,neutral,1.0
178,really hopes her car`s illness is not terminal...,negative,1.0
179,"All the cool people I want to find for following today are #English, and I guess the English don`t tweet.",neutral,1.0
180, no sir...i woulda put honey...but i don`t have any,neutral,1.0
181,who watched X-men origins: wolverine? i totally loved it! haha,positive,1.0
182, I VOTED!!! do u have a personal myspace? i keep talking to fakes   i <3 you. u helped me thru the hrdest time of my life! (: x,positive,1.0
183, I`m sad that I missed you guys last night!,negative,1.0
184,Finally got a call for marriage counseling 3 days late....,negative,0.0
185, ok then,neutral,1.0
186,_420 why baby?,neutral,1.0
187,today was the last day of high school for me and i ended up going home sick! ... stupid dead rats,negative,1.0
188,We`re having an impromptu pool party... Except I don`t know how to swim so I can`t get in,negative,0.0
189,lost my tooth 2day whilst i was eating gum...oww,negative,1.0
190,happy 1 year! <3,positive,1.0
191,"Oh, I HELLA forgot to say my official good morning  Like to hear it? Here it go! Goooooooooooood Morrrrrrrrning Twitterville! Lol",positive,1.0
192, *phew*  Will make a note in case anyone else runs into the same issueÃÂ¯ÃÂ¿ÃÂ½,neutral,1.0
193,  WHAT ABOUT ME ??  I VOTE EVERY DAY FOR YOU !!!!!,positive,0.0
194,I`m starving!! This diet is killing me but I can`t eat after 8pm,negative,1.0
195, i talk to you,neutral,1.0
196,im soo bored...im deffo missing my music channels,negative,1.0
197, nite nite bday girl  have fun at concert,positive,1.0
198,"Had nicotine replacement patch on for 4 hours. So far, so good, but I did sleep for most of those 4 hours. Getting a bit twitchy now",negative,0.0
199,_Sanderson What`s with Twatter lately?  Either I can`t get on or the replies don`t turn up!,negative,0.0
200,should be sleeping.  lost my voice a couple day ago.,negative,1.0
201,http://twitpic.com/66xlm -  hate when my PARKED car gets hit,negative,1.0
202, I`ve heard this fall. I`m waiting too!,positive,0.0
203, more nightmares?  *huggles*,negative,0.0
204,I AM SUCH A CREEPER  I feel disappointed because of it. **** my cyberstalking skills   the internet = no more privacy.,negative,1.0
205,going to bed its late and I have headache,negative,1.0
206,happy mother`s day to all moms out there...,positive,1.0
207,Grabbing coffee from  then making mom breakfast,neutral,1.0
208,im thinking that im going to have fun tonight....and maybe some changes are coming,neutral,0.0
209, thanks. before the major chop.,neutral,1.0
210," Haha I know, I cant handle the fame!  and thank you!",positive,1.0
211,just got up and updated my ipod,positive,0.0
212, yes! sober HAHAHA tanghaling tapat dude! haha WILD. i don`t knowwww  plan plan  before you go to US!,positive,1.0
213, We never miss ICarly - my son has a huge crush on Miranda,positive,1.0
214,Saw James carville in the store today. His head is really that bald,negative,0.0
215,yellow for   ? http://blip.fm/~5z05g,neutral,1.0
216, which means you`re just going to have to come back to vancouver and have it our way! hahah,positive,0.0
217,Feeling smooth like chrome,positive,1.0
218,Ew traffic,negative,1.0
219,"downloading songs while trying to sneak a lil homework in too, which should be my main priority not songs lol",negative,0.0
220,@_Ra_Ra_ your not alone...i need coffee too.,neutral,1.0
221, Sounds like me,neutral,1.0
222,Bad day  The day you realize what mess you`ve put me through will be one of the happiest days of my life...,negative,0.0
223,Walking to class. I hate not having a bike....especially mine.,negative,1.0
224,_nesmith,neutral,1.0
225,"failed inspection. Did you know you can pass wo/oven, but not wo/anti-tip bracket, which is only sold w/oven? This is worse than taxes.",negative,1.0
226,"JONAS BROTHERS - Live to party.                It`s rocking so hard     I love the song,",positive,1.0
227,happy mother`s day to all the mothers in the world.,positive,1.0
228,"35mins through the 1hr 20mins Google Wave demo, that looks a lot of fun, would love to test it though.  http://bit.ly/WnMSc",positive,1.0
229,Sleepy Tabz is heading to bed.  Fun night! Listened through the next episode of Joss`d!,positive,1.0
230,The exception for a short dude: Larenz fineass Tate yum,positive,0.0
231,"Screw the reviews, I thought Wolverine was awesome. But not enough Dominic Monaghan for my liking.",negative,0.0
232,"If you followed us recently, PLEASE dont be offended that we haven`t followed back. We hit our limit.   Hopefully we will be free soon.",neutral,0.0
233, Yes i work 6 to 3...,neutral,1.0
234," Hmmm, maybe that`s what they meant. They eluded to something brand new but you know how the media is",neutral,1.0
235,Done at the spa   now meeting vic for some late lunch!,positive,0.0
236,Happy monday  up and about going to tavares today. Hope everyone has a blessed day!,positive,1.0
237, Always have wanted to go to Oz,positive,0.0
238, Thx,positive,0.0
239, http://twitpic.com/4jaz5 - Cool... luv it,positive,1.0
240,  that`s why I need to be there...To represent the Blackberries,positive,1.0
241,Okay so I`m dedicating my 300th tweet to the fact that I`m going to the Apple store because there is a HUGE crack on the glass screen!,negative,0.0
242, If only we could ever actually be allowed to stay here and do that,neutral,1.0
243, Let me know how that turns out!!,positive,0.0
244, was that sass I detect?  As long as it isn`t back sass! Haha,positive,0.0
245," yeah I was thinking about that ,ahaha",neutral,0.0
246, Sports Bar Shatranjanpoli Rest Ph 26498457 All Sports Bar Andheri W 26733333 Dont know whether that helps. Google ki jai ho,neutral,1.0
247,I`m not sleeping at all until  accepts my appology,negative,1.0
248,"Wolverine Was BOSS! Seriously, And Will.I.Am Was In It, What The **** ??",negative,1.0
249," I live for pain, bring it on",negative,0.0
250,"okay, i`m out for a while  back later!",neutral,1.0
251,  #powerblog What is this powerblog challenge you keep talking about?  I`m a newbie follower,neutral,1.0
252,almost died. Laptop screen was set to 100% brightness after I reinstalled Windows Vista. Got a headache now  #insanedefaults,negative,0.0
253,Waiting for tish to get off. Got to drive my moms CRV to pick her up all my myself and duckie. First time,neutral,1.0
254,"Trying to decide on a movie with the friends.. not going to well! lol :p  No bible study 2nite, which means ****-day cake  buy my own??",negative,1.0
255,going to shower because i don`t want to smell at school tomorrow,negative,0.0
256, Sigh... you know I am...,neutral,1.0
257,"discovered cause of a bug in the new #NetPLAYER 4 build. Publishing bug fix now, hopefully new beta by tomorrow",positive,1.0
258,Here are 4 FREE twitter tools will get you followers  http://short.to/511q http://jijr.com/hulz http://short.to/511r http://2ve.org/xPG0/,neutral,1.0
259,just got home from work.... and is chugging down a big bottle of apple juice.,positive,0.0
260, Yes it does. Please dont` go. If you die I will cry.. which normally leads to small animals getting harmed,negative,1.0
261,writing report cards  soooo tired but what an amazing day. check it out on fb soon!,positive,1.0
262, it was only once for my big brother...and I`m done now,negative,0.0
263,good news: finally finished my #EASactive workout that has been paused for 6 hours. bad news: my resistance band is torn,negative,0.0
264,"Well good morning all, What a wonderful day in the neighborhood  Thanks for all those that are now following another 60 this morning",positive,1.0
265,FTSK and Mercy Mercedes were amazing tonight.. as always,positive,1.0
266,  hope he is ok!,positive,1.0
267,can`t school just be done already? it hurts too much... seeing him every day,negative,0.0
268,"I waited, listening to wind blowing through the tumbleweed? Are none of you old enough to know what to do when someone says 'Crackerack'?",neutral,1.0
269, Hell Yeah!,positive,0.0
270, HIM shirt at dinner? Do you need to ask??  Does it actually have Ville on it?,neutral,1.0
271, i know!!,positive,0.0
272, huh what the ****? Smelly? Noooo. I love alex Vixon,negative,0.0
273,"Went to a party last night. Dindin and I showed up in matching outfits ) GREAT MINDS THINK ALIKE ) Anyway, happy birthday, ate lara",positive,1.0
274," Happy b-day! Just woke up on this side of Earth, so wishes are bit late",neutral,0.0
275,"thank you for teaching me values and to be a better person each day  I LOVE SO MUCH, YOU`RE THE BEST MUM IN THE WORLD",positive,1.0
276,HAPPY MOTHERS DAY.!,positive,1.0
277," *laughs* I`m glad that you have self confidence - it`s a wonderful trait to have  I`ll applaud extra loud for it, okay?",positive,1.0
278,  Thanks,positive,1.0
279,twittering after 2 days!,positive,0.0
280,Getting ready for week  Its too nice today to be stuck inside working!,positive,1.0
281,I am tres depressed,negative,1.0
282,"Felt like ****, behaved like my son; ate to compensate. Pigged out on home-roasted sugar almonds. Painful tum, threw up, still feel sick.",negative,1.0
283,Happy Mothers Day people. i love my mom a lot still,positive,1.0
284, I`m sorry to hear that.,negative,1.0
285," That`s awesome dude, yay for surprise celebrities!  I got to meet him a few years ago, he was soooo friendly.",positive,1.0
286," it makes me happy to hear a girl talk, or tweet, about the nba. but... could you give my nuggets some love?!",negative,0.0
287,Is getting the hang of Twitter.,positive,0.0
288,You know your neck is jacked up when you are forced to pay for parking bc you can`t turn you head to parallel park in the free spaces...,negative,1.0
289,I want it BACK NOW!: http://bit.ly/PP1WZ,negative,0.0
290,Going to miss my roomie ... We will no longer be roomies starting tomorrow,negative,1.0
291,"bathing with two little angels, Keyla and Janice.",positive,0.0
292," Yep, finished, chocked full of spelling and grammatical errors, but I`m cleaning it up tomorrow and popping it up  hehe",negative,1.0
293, HAHAHHA lol true that! i always remember my BD but i can never remember what date or even day it is,positive,0.0
294,"Family is here,hanging with them",positive,0.0
295,Watching Ellen Love her!! then doing the dishes  and tanning ...it`s gorgeous out!,positive,1.0
296, what`s goin on hun?  I`m worried about you,negative,1.0
297, Im not bannished... but I am at work till 6,neutral,0.0
298," Morning! If I get to see it, I`ll let you know. Right now, I`m going to go see Wolverine.",neutral,1.0
299," red top tabloids, build em up, knock em down",negative,0.0
300,tonight in party w/ my girls (minus vita),positive,1.0
301,  why not now you made me sad I thought you`d be jumping for joy,negative,0.0
302, Simple my a#@,negative,0.0
303,"The pics I just uploaded are the baby pics of my cats. Missy is now an adult and a pretty little kitty, but Batty is in kitten heaven now",negative,0.0
304," I saw the play of it here, it was amazing",positive,1.0
305, _ i am glad to break my twitter virginity with you two.,positive,1.0
306,Dinner with the fam... I have missed them,positive,0.0
307,"_Live That`s what I want. More the better. Bound to be a few bad eggs though, but they will soon learn.",positive,0.0
308,Hell yeah Kellynn got a Twitter. Finally.,positive,0.0
309," I know   It was worth a shot, though!",neutral,0.0
310,"Just opened a facebook account, I`m a little confused I don`t really get it. Twitter seems much better",negative,0.0
311,Ship. I`m stuck.,negative,1.0
312,DUSTBIN BABY ON AT 11.30 Cannot wait  x,positive,1.0
313," Not going to dwell on it. It happened, it`s passed. Just a shame as he was so supportive! Such is life!  x",positive,0.0
314,It looks like the office TV DOES get MLB Network... and it looks like MLBN will NOT be televising the DET/BAL game today  #wieters,negative,0.0
315,Home empty handed.  No comics found today.  I shall now indulge in my cupcakes from Magnolia Bakery.,negative,0.0
316,Laying in bed til workkk... Oh the life. Definitely pinched a nerve.,negative,1.0
317,today is a busy day. exhausting!,negative,1.0
318," I was going to go on Sunday, but now I`ve got too much going on that weekend",negative,0.0
319, Sorry to hear ur flight got cancelled  that blows!!!,negative,1.0
320,ohh my tooth is hurts ohh  im sad it very hurts,negative,1.0
321,"Before I get too distracted, I`d like to thank my new followers for taking the trouble to follow me! And to my others: feelin the love",positive,1.0
322, u think u have bills Ha!Ii just finished paying mine that`s y I`m broke,negative,1.0
323, Not sure it didn`t say it was 2 big. I jst saw the pics of u on ur last bday. You looked so pretty!! I miss you!!,positive,0.0
324,sore throat. Planning the TET outing to Marwell though...good times,positive,0.0
325,mcfly gig last nightt omg it was amazin didnt sit down through the whole thing  mcfly did you see me and ma best mate we were in tutus,positive,1.0
326,2 days without sleep and now a migraine. I thought life postR01 was meant to be relaxing,negative,1.0
327, There!,neutral,1.0
328,?sucks!?..,negative,1.0
329, whens the sway sway winner announced?,neutral,1.0
330, K will check it out...,neutral,1.0
331," doing pretty well, up and wide awake",positive,1.0
332,"i want to wake up early, and get a coffee tomorrow (today) !  it`s going to be a busyy day! but have to keep writing.. booo whoo!",negative,0.0
333,I Miss Daddy and Mommy,neutral,0.0
334,"My dog is officially depressed that my brother`s dogs are gone. He doesn`t want to go outside and when we did, he play half-heartedly.",negative,1.0
335,I just realized that I can`t forward text msgs with my iPhone.,negative,0.0
336,"My frist post... Off to find a new car for my parents, exciting!",positive,1.0
337,Argh noo! Missed The Killers on Wossy!  That sucks! Missed out on Brandon. Total failure! Anyone know if it`s repeated? Must investigate!,negative,1.0
338,seriously bored without anyone to talk to... but not tired enough for sleep,negative,1.0
339, I am lost. Please help me find a good home.,negative,1.0
340,"It`s a Peter & Gordon morning  -> And I, go to pieces and I wanna hide / Go to pieces and I almost die / Ever... ? http://blip.fm/~5yk38",neutral,1.0
341,Ok so I`ve now got a bit of a bad back after lifting all drum hardware into my car   downer.,negative,1.0
342, LMAO... Smh!  that one threw me off.,negative,0.0
343, oh nice going!,positive,1.0
344,Is getting ready for work... Working all weekend,negative,0.0
345,Gonna celebrate Mothers Day with the family but gonna start the partying tonite,positive,1.0
346, i agree with you!,positive,1.0
347, I only do computers. Am hopeless at everything else,negative,1.0
348,"90 degrees, gross skies, and thunderstorms...perfect match for my mood  lol",negative,0.0
349,_2nd aww thanks!,positive,1.0
350, Sorry RB is on PS3 for me,negative,1.0
351,I saw amazing heeels. But they were too big,negative,0.0
352,I just stuck my finger down my throat and there are a bunch of bumps on my tongue & throat.,negative,1.0
353,dang last url went down  ? http://blip.fm/~7aigm,neutral,0.0
354," ohoh i missed all ur tweets  im gonna have to stay awake all night to see the announcement now, **** time difference",negative,1.0
355, Damnit all. That sucks.  You were one of the ones I thought I`d drag back lol,negative,1.0
356, my boss. She`s moving to NYC,neutral,1.0
357,this is sooo crazy i have fever..,negative,1.0
358,is spending her Saturday morning taking notes for a research essay because some stupid **** recalled the book I`m using. Not fair,negative,1.0
359,I think i need some new friends,negative,0.0
360, Looking forward to your gig in Ireland!!!  See ya there!,positive,0.0
361,Please Review Sunehre Ad Placement  http://tinyurl.com/oow6mk,neutral,0.0
362,aww  you loooove me,positive,1.0
363,"is hungry, twitter.  i want food. </3",negative,0.0
364,awesome lucky you,positive,1.0
365," yea, i should know.. but tell me EVERYTHING!  ps: send me direct messages telling..   haha",neutral,1.0
366," haha im jewish, i love that one",positive,1.0
367,"had a great time out in the beer garden wit the boyos !! I think the sun got to me a bit though, feel a bit ill !!",negative,0.0
368, l`m on 3 days too matt. No fun this weekend.,negative,1.0
369, u really don`t think so?  maybe ur right....lol. btw what phone u using? think u told me b4...i might have an app for u,neutral,1.0
370, I feel your pain. Mine is the same way,neutral,0.0
371,comes home in two days,neutral,1.0
372, Sadly no. It didn`t come with one...,negative,1.0
373,Cant wait to see my boy tomorrow,positive,1.0
374, ehhh no. just a check up. I have a dentist app next week though. getting my molar pulled/root canal.,negative,0.0
375, aww I miss driving down elmwood,positive,0.0
376,Omg Wango Tango was **** AWSOME! I love my baby for taking me,positive,1.0
377,"Version 2 of our live, interactive Trans-Siberian ticket planner is launched: http://tinyurl.com/c5ljwm - its very cool",positive,1.0
378,_30439 I really wish I could go!,positive,1.0
379," yeah real hard, but I know you`ll get by with it... smile",positive,0.0
380, I`m 25 in december that`s not good at all next big birthday is 30  after 21 it flys by for sure,negative,1.0
381,  This has made my night!!  Way too funny!!,positive,1.0
382,Woo CAVS.  Happy Mother`s Day!,positive,1.0
383, I make that same face when I get home and your mom is watching soaps.,negative,0.0
384,I have to go to work now.,neutral,1.0
385, I can`t believe you went and got boba without me.,negative,0.0
386,"  And to you too, how are you today?",neutral,1.0
387, Thanks for the warm welcome! We didn`t make plans   because our arrival time was so up in the air.,neutral,0.0
388,19 days and counting,neutral,1.0
389, sorry  friends - I`m swamped with deadlines right now and we have family visiting to boot! No charades for me.,negative,1.0
390,BRAINFREEZE,neutral,1.0
391,Just discovered a shortcoming of Gravity. When you use Twitpic (integrated) it doesn`t subtract the pic URL from the 140 character limit,negative,0.0
392,"My sunburn is peeling,",negative,1.0
393,perky purple nail polish isn`t as perky when its chipped,negative,0.0
394,"http://twitpic.com/4sx96 - before they put a CAMERA in the smokers pit.  i can no longer vandalize that door, without being caught.",negative,0.0
395,Laying ALONE!! Since Mook`s soo comfy in his f`n play pen. I thought it was ill at first now I don`t have no one to cuddle with...,negative,1.0
396,I hate the dentist,negative,1.0
397," nothing aimed at you, just joining in...sorry",neutral,0.0
398,I`m taking a twitter break. Cell is dying,negative,1.0
